supermarket,size,vacuum,brand
REWE,V03,AE 120,ADIX
REWE,V05,DIV 170,ADIX
REWE,V05,DIV 340,ADIX
REWE,V05,DIV 350,ADIX
REWE,V05,DIV 380,ADIX
REWE,V05,DL 110,ADIX
REWE,V06,MI 150,ADIX
REWE,V01,MI 160,ADIX
REWE,V01,MI 170,ADIX
REWE,V05,QU 340,ADIX
REWE,V02,SI 150,ADIX
REWE,V02,SI 200,ADIX
REWE,V02,SI 210,ADIX
REWE,V04,UN 210,ADIX
REWE,V03,100 bis 199 Serie Smart,AEG
REWE,V03,100 bis 199 Serie Vampyrino,AEG
REWE,V03,1500 Vampyr,AEG
REWE,V03,"1600,1605,1610 Vampyr",AEG
REWE,V03,1700 E Vampyr,AEG
REWE,V03,1803 bis 1805 Vampyr,AEG
REWE,V03,"1810, 1900, 1905 Vampyr",AEG
REWE,V03,2002.1 Vampyr,AEG
REWE,V03,2300 Vampyr,AEG
REWE,V05,300 bis 399 Serie Smart,AEG
REWE,V03,"4110,4111,4120 Vampyr",AEG
REWE,V03,5000 bis 5999 Vampyr,AEG
REWE,V03,920 Ecotec Vampyrino,AEG
REWE,V04,AAM 6100 bis 6160 AirMax,AEG
REWE,V04,AAM 6200 Öko - AirMax,AEG
REWE,V04,"AAM 6216, 6217",AEG
REWE,V04,"AAM 6300 CD, 6324",AEG
REWE,V04,AAM 7124 POW,AEG
REWE,V05,AB 3400 bis 3499 Berry,AEG
REWE,V04,Accurette / Plus,AEG
REWE,V03,ACE … Serie CE,AEG
REWE,V03,ACE 4112 Aventure,AEG
REWE,V04,ACS 1800 Classic Silence,AEG
REWE,V04,ACS GREEN Classic Silence Öko,AEG
REWE,V04,ACS ENERGY Classic Silence,AEG
REWE,V04,ACSG 1300 Classic Silence öko,AEG
REWE,V04,ACSPARKETT ClassicSilence,AEG
REWE,V05,AE 2000 Ergo Essence,AEG
REWE,V05,AE 2000 trio,AEG
REWE,V04,AE 305S5C Ergo Space,AEG
REWE,V05,AE 3400 bis 3499 Ingenio,AEG
REWE,V05,AE 3455,AEG
REWE,V05,AE 3460,AEG
REWE,V05,AE 4200 Ergo essence,AEG
REWE,V05,AE 4500 bis 4599 Serie - Ergo Essence,AEG
REWE,V05,AE 4594,AEG
REWE,V04,"AE 4620, 4622, 4640",AEG
REWE,V03,"AE 6000, AE 6070 - Salomon",AEG
REWE,V04,AEC Serie Clario,AEG
REWE,V05,AEG Serie Ergo Essence,AEG
REWE,V04,AEL Serie UltraOne,AEG
REWE,V04,AEO 5400 bis 5499 Essensio,AEG
REWE,V04,AEP Serie Pluto/Clario 2,AEG
REWE,V04,AEQ Serie Equipt,AEG
REWE,V04,AEQ10+ Equipt,AEG
REWE,V04,AEQ11+ Equipt,AEG
REWE,V04,AEQ12+ Equipt,AEG
REWE,V04,AEQ20+ Equipt,AEG
REWE,V04,AEQ25+ Equipt,AEG
REWE,V04,AES… Serie New Ergospace,AEG
REWE,V04,"AESG 300,301 Öko Ergospace",AEG
REWE,V04,AET 7700 bis 7799 Twintech,AEG
REWE,V04,AG 8800 Öko - UltraOne,AEG
REWE,V04,Airmax AAM 6100 bis 6160 C,AEG
REWE,V04,Airmax AAM 6320 CD,AEG
REWE,V04,Airmax AAM öko 6200,AEG
REWE,V04,Airmax Serie AAM…,AEG
REWE,V04,AJG 6700 JetMaxx Öko,AEG
REWE,V04,AJG 6800 bis 6899 Jet maxx Öko,AEG
REWE,V04,AJM 6800 bis 6899 Jet maxx,AEG
REWE,V04,AJM 68FD 1 bis 9 Jet Maxx,AEG
REWE,V04,AM Serie Maximus (max 5L),AEG
REWE,V04,AMX Serie Maximus (max 5L),AEG
REWE,V04,AO… Oxygen+,AEG
REWE,V04,AOS Serie + Oxy3System,AEG
REWE,V04,AP 40 E,AEG
REWE,V04,AP 4040 Ergo Classic ALLFLOOR,AEG
REWE,V04,AP 4041 Ergo Classic ALLFLOOR,AEG
REWE,V04,AP 4042 Ergo Classic ALLFLOOR,AEG
REWE,V04,AP 40E Plus,AEG
REWE,V04,APF… Serie - PowerForce,AEG
REWE,V04,APORGIN Aero Performer,AEG
REWE,V04,APORGINEL Aero Performer,AEG
REWE,V04,ASP… Serie - SilentPerformer,AEG
REWE,V04,AUO 8815 bis 8870 UltraOne,AEG
REWE,V04,AUS 8230,AEG
REWE,V04,AUS Serie Ultra Silencer,AEG
REWE,V04,AUSG Serie Ultra Silencer,AEG
REWE,V04,AUSÖ 3000 UltraSilencer Öko,AEG
REWE,V04,AVC Serie - Viva Control,AEG
REWE,V03,Aventure ACE 4112,AEG
REWE,V04,AVQ Serie,AEG
REWE,V04,AVQ Serie - QS Elegance,AEG
REWE,V04,AVQ Serie - Viva Quickstop,AEG
REWE,V03,Car & Clean Vampyrino,AEG
REWE,V03,CE … Serie Vampyr,AEG
REWE,V03,CE Azzurro Vampyr,AEG
REWE,V03,CE Compact Vampyr,AEG
REWE,V03,CE Jubilee Vampyr,AEG
REWE,V03,CE Mega Power… Vampyr,AEG
REWE,V03,CE Mr. Big Vampyr,AEG
REWE,V03,CE Power trio Vampyr,AEG
REWE,V03,CE Power… Vampyr,AEG
REWE,V03,CE Powerline Vampyr,AEG
REWE,V03,CE Powerstar Vampyr,AEG
REWE,V03,CE Smart & Clean Vampyr,AEG
REWE,V03,CE Sprint Vampyr,AEG
REWE,V03,CE Trio Vampyr,AEG
REWE,V03,CE Turbo El Vampyr,AEG
REWE,V03,CE Ultra Power Vampyr,AEG
REWE,V03,CE Winner,AEG
REWE,V03,CE2000EL,AEG
REWE,V03,CE4120EL+,AEG
REWE,V03,CEANIMAL,AEG
REWE,V03,CEPW24TRE+,AEG
REWE,V04,Clario AEC 7570 bis AEC 7572,AEG
REWE,V04,Clario Serie AEC,AEG
REWE,V03,Colore Vampyrino,AEG
REWE,V03,Comfort 0…9 Serie Vampyr,AEG
REWE,V03,Compact EL (start 1996),AEG
REWE,V03,Croma Vampyr,AEG
REWE,V03,Cyclone trio T2./...,AEG
REWE,V03,Duo Vampyr,AEG
REWE,V03,E 150 Vampyr,AEG
REWE,V03,E 160 Vampyr,AEG
REWE,V03,E 1700 Plus Vampyr,AEG
REWE,V03,"E 180,181 Vampyr",AEG
REWE,V03,E 185 Vampyr,AEG
REWE,V03,E 190 Vampyr,AEG
REWE,V03,E 200 Turbo Vampyr,AEG
REWE,V03,Energy Saver CE 1400,AEG
REWE,V05,Ergo essence AE 4550 bis AE 4599,AEG
REWE,V05,Ergo Essence Serie AEG,AEG
REWE,V03,Europe 1st Vampyr,AEG
REWE,V03,Exquisit 1201 Vampyr,AEG
REWE,V03,Exquisit 1202 Vampyr,AEG
REWE,V03,Exquisit 1400EL Vampyr,AEG
REWE,V03,Exquisit 1500 Vampyr,AEG
REWE,V03,Exquisit 200 Vampyr,AEG
REWE,V03,Exquisit 217 Vampyr,AEG
REWE,V03,Exquisit 500 Vampyr,AEG
REWE,V03,Freshline Vampyr,AEG
REWE,V04,GR 200 bis 206,AEG
REWE,V04,GR 210,AEG
REWE,V04,GR 212,AEG
REWE,V03,GR 28,AEG
REWE,V03,AGR 5,AEG
REWE,V05,GR 50,AEG
REWE,V03,H 2000 Vampyr,AEG
REWE,V03,"H 2162, 2182 Vampyr",AEG
REWE,V03,H 2202 Vampyr,AEG
REWE,V03,HH 2202 Vampyr,AEG
REWE,V04,JM Jet Maxx,AEG
REWE,V04,JMALLFLRLR,AEG
REWE,V03,K 2000 Vampyr,AEG
REWE,V03,K 3170 Vampyr,AEG
REWE,V03,K 3180 Vampyr,AEG
REWE,V03,K 3200 Vampyr,AEG
REWE,V03,K 4200 Vampyr,AEG
REWE,V03,Lemon Vampyr,AEG
REWE,V03,Luxor 1 Vampyr,AEG
REWE,V03,LX exclusiv Vampyrino,AEG
REWE,V04,Maximus Serie AM… (max.5l),AEG
REWE,V04,Maximus Serie AMX… (max.5l),AEG
REWE,V03,"Mega Power 2,3,5 Vampyr",AEG
REWE,V03,MM 1700 Vampyr,AEG
REWE,V03,MM 1800 Vampyr,AEG
REWE,V03,MM 2000 Vampyr,AEG
REWE,V03,Öko - Vampyrino,AEG
REWE,V03,Öko Vampyrino,AEG
REWE,V04,Oxy3 System Serie AOS…,AEG
REWE,V04,P1 bis 999 System Pro,AEG
REWE,V03,Parketto Vampyr,AEG
REWE,V04,PowerForce ALLERGY & ANIMAL CARE,AEG
REWE,V04,PowerForce CLASSIC,AEG
REWE,V04,PowerForce ÖKO,AEG
REWE,V04,PowerForce Serie APF,AEG
REWE,V03,Powerstar - Vampyr,AEG
REWE,V03,Red Zac EL Vampyr,AEG
REWE,V03,Rosso Vampyr,AEG
REWE,V04,S-bag,AEG
REWE,V03,SCE 0 bis 3 Vampyr,AEG
REWE,V04,SilentPerformer ALLERGY & ANIMAL CARE,AEG
REWE,V04,SilentPerformer CLASSIC,AEG
REWE,V04,SilentPerformer ÖKO,AEG
REWE,V04,SilentPerformer Serie ASP,AEG
REWE,V03,Silverstar Vampyr,AEG
REWE,V03,Smart & Clean CE Serie,AEG
REWE,V03,Smart 100 bis 199 Serie,AEG
REWE,V05,Smart 300 bis 399 Serie,AEG
REWE,V03,Space Vampyrino,AEG
REWE,V04,Standard Bag,AEG
REWE,V03,Sun Vampyr,AEG
REWE,V04,System Pro P 1 bis P 999,AEG
REWE,V03,T2 Serie Cyclone Trio,AEG
REWE,V03,T2 Serie Twin Vampyr,AEG
REWE,V03,Trium,AEG
REWE,V04,Ultra Silencer Serie - AUS,AEG
REWE,V04,UltraOne ecoforce,AEG
REWE,V04,UltraOne Öko UOGREEN,AEG
REWE,V04,UltraOne Serie UO,AEG
REWE,V04,UltraOne UOALLFLOOR,AEG
REWE,V04,UltraOne UODELUX,AEG
REWE,V04,UltraOne UOECO,AEG
REWE,V04,UltraOne UOECOT,AEG
REWE,V04,UltraOne UOQUATTRO,AEG
REWE,V04,UltraSilencer Öko USGREEN,AEG
REWE,V04,UltraSilencer USALLFLOOR,AEG
REWE,V04,UltraSilencer USENERGY,AEG
REWE,V04,UltraSilencer USORGINDB,AEG
REWE,V03,"Vampyrino E, EC",AEG
REWE,V03,"Vampyrino RX,S,SX",AEG
REWE,V03,VCE Serie,AEG
REWE,V03,Veurope,AEG
REWE,V04,Viva control AVC Serie,AEG
REWE,V04,Viva Quickstop AVQ Serie,AEG
REWE,V05,BS 1500,AFK
REWE,V05,BS 1600W,AFK
REWE,V05,BS 1800W,AFK
REWE,V05,BS 2000 W,AFK
REWE,V05,BS 2000 W.1,AFK
REWE,V05,BS 2000 W.14,AFK
REWE,V05,BS 2000 W.16,AFK
REWE,V05,BS 2000 W.18,AFK
REWE,V05,BS 2000 W.8,AFK
REWE,V05,BS 2000 W.9,AFK
REWE,V05,BS 2200 W.12,AFK
REWE,V05,BS 2200 W.3,AFK
REWE,V05,BS 2200 W.4,AFK
REWE,V05,BS 2300 W,AFK
REWE,V05,BS 2300 W.2DP,AFK
REWE,V05,BS 2300 WDP,AFK
REWE,V05,PS 1400 W.2 NE (>A),AFK
REWE,V05,PS 1400 W.3 / NE,AFK
REWE,V05,PS 1600 W / NE,AFK
REWE,V05,PS 1600 W.1,AFK
REWE,V05,PS 1600 W.3,AFK
REWE,V05,PS 1600 W.3 NE,AFK
REWE,V05,PS 1600 W.4,AFK
REWE,V05,PS 1600 W.5 (>B),AFK
REWE,V05,PS 1600W.6 / NE,AFK
REWE,V05,PS 1800 W,AFK
REWE,V05,PS 1800 W.1,AFK
REWE,V05,PS 1800 W.5 (>B),AFK
REWE,V05,AV 1601 TH,AKAI
REWE,V05,AV-1602 TH,AKAI
REWE,V05,AXVC-5200 bis 5203,AKAI
REWE,V05,VC-R 1201,AKIRA
REWE,V05,VC-R 1205,AKIRA
REWE,V05,VC-R 1403,AKIRA
REWE,V05,VC-R 1406,AKIRA
REWE,V05,BS 1230,ALASKA
REWE,V05,BS 1400,ALASKA
REWE,V05,"VC 1400, 1410",ALASKA
REWE,V05,VC 1600,ALASKA
REWE,V05,VC 2000,ALASKA
REWE,V05,VC 2410 (max. 4 L),ALASKA
REWE,V05,VC 2410 (max. 5 L),ALASKA
REWE,V05,VC 2500,ALASKA
REWE,V05,VC 3700,ALASKA
REWE,V03,Alfa 300,ALFATEC
REWE,V03,Alfa 400 E,ALFATEC
REWE,V05,"VK 3011, 3012",AMICA
REWE,V05,VK 5011 bis 5014,AMICA
REWE,V05,VC-401,ARGOS
REWE,V05,M2.001 Power Buggy,BEEM
REWE,V05,M3.001 Typhoon Turbo Clean,BEEM
REWE,V05,VC-358 R Vulcano,BEEM
REWE,V05,VC-D 5001 S Turboclean,BEEM
REWE,V05,A 2300 E,BESTRON
REWE,V05,A2010 E,BESTRON
REWE,V05,ABG 300,BESTRON
REWE,V05,ABG 500 WBE - Rondo,BESTRON
REWE,V05,ABG 700,BESTRON
REWE,V05,AS 1800 E,BESTRON
REWE,V05,D 1200 ECO,BESTRON
REWE,V05,DS 1800 S,BESTRON
REWE,V05,DS 2200 E,BESTRON
REWE,V05,DV 1250 S,BESTRON
REWE,V05,DV 1500 EC,BESTRON
REWE,V05,DV 1600 EC,BESTRON
REWE,V05,DV 1800 EP,BESTRON
REWE,V05,DV 2000 ES,BESTRON
REWE,V05,DVC 1400 S,BESTRON
REWE,V05,DVC 1500 ES,BESTRON
REWE,V05,DVC 1600 ES,BESTRON
REWE,V05,DVC 1700 E,BESTRON
REWE,V05,DVC 1810 E,BESTRON
REWE,V05,DVC 1820 E,BESTRON
REWE,V05,DVC 2000 E,BESTRON
REWE,V05,DYL 1500 E,BESTRON
REWE,V05,DYL 1600 E,BESTRON
REWE,V05,V 6718 SHB,BIMATEK
REWE,V05,VM 2020,BIMATEK
REWE,V05,VC 4201,BLUESKY
REWE,V05,2352,BLUESKY
REWE,V05,2368,BLUESKY
REWE,V05,2948,BLUESKY
REWE,V05,2954,BLUESKY
REWE,V05,2960,BLUESKY
REWE,V05,2019,BLUESKY
REWE,V05,2022,BLUESKY
REWE,V05,2177,BLUESKY
REWE,V05,2178,BLUESKY
REWE,V05,2189,BLUESKY
REWE,V05,2190,BLUESKY
REWE,V05,2567,BLUESKY
REWE,V05,2700 Condor,BLUESKY
REWE,V05,FD 2019,BLUESKY
REWE,V05,BS 9010 CB,BOMANN
REWE,V05,BS 9011 CB,BOMANN
REWE,V05,BS 9015 CB,BOMANN
REWE,V05,BS 9020 CB,BOMANN
REWE,V05,BS 911 CB (>C),BOMANN
REWE,V05,BS 961 CB,BOMANN
REWE,V05,BS 976 CB,BOMANN
REWE,V05,BS 980 CB (08/2007 bis ),BOMANN
REWE,V05,BS 985 CB,BOMANN
REWE,V05,BS 987 CB,BOMANN
REWE,V05,BS 988 CB,BOMANN
REWE,V05,CB 901... 993,BOMANN
REWE,V05,CB 901... 993,BOMANN
REWE,V05,"CB 917, 918",BOMANN
REWE,V05,CB 925,BOMANN
REWE,V05,CB 926,BOMANN
REWE,V05,CB 929,BOMANN
REWE,V05,CB 940,BOMANN
REWE,V05,CB 941,BOMANN
REWE,V05,CB 942,BOMANN
REWE,V05,CB 948,BOMANN
REWE,V05,CB 949,BOMANN
REWE,V05,CB 957,BOMANN
REWE,V05,CB 962,BOMANN
REWE,V05,CB 965,BOMANN
REWE,V05,CB 966,BOMANN
REWE,V05,CB 969,BOMANN
REWE,V05,CB 991,BOMANN
REWE,V05,VC-401,BONETTI
REWE,V05,SHB 3119,BORK
REWE,V05,"SHB 3216, 5017",BORK
REWE,V05,"SHB 5818, 5920",BORK
REWE,V05,SHB 8022,BORK
REWE,V05,SHB/SCB 5317,BORK
REWE,V05,SHB/SCB 5318,BORK
REWE,V05,SHR 2516,BORK
REWE,V05,SMB 6514,BORK
REWE,V05,SMB 7516,BORK
REWE,V02,BBS 1000 bis 1199 Casa,BOSCH
REWE,V02,BBS 2000 bis 2299 Alpha,BOSCH
REWE,V02,BBS 2400 bis 2999 Serie,BOSCH
REWE,V02,BBS 5000 bis 5999 Optima,BOSCH
REWE,V02,BBS 6000 bis 6309 Activa,BOSCH
REWE,V02,BBS 6310 bis 6399 Serie,BOSCH
REWE,V02,BBS 6400 bis BBS 6999,BOSCH
REWE,V02,BBS 7000 bis 7999 Compacta,BOSCH
REWE,V02,BBS 8000 bis 8999 Perfecta,BOSCH
REWE,V02,BBZ 41 FG,BOSCH
REWE,V02,BBZ 51 AFG,BOSCH
REWE,V02,BBZ 52 AFBC,BOSCH
REWE,V02,BBZ 52 AFG,BOSCH
REWE,V02,BBZ 6 AF 1,BOSCH
REWE,V02,BBZ 8 AF,BOSCH
REWE,V02,BGB 2 Serie,BOSCH
REWE,V02,BGL 2 Serie,BOSCH
REWE,V02,BGL 3 Serie,BOSCH
REWE,V02,BGL 35 Mov(e) Serie,BOSCH
REWE,V02,BGL 35 Serie,BOSCH
REWE,V02,BGL 4 Serie,BOSCH
REWE,V02,BSA 100 KA sphera,BOSCH
REWE,V02,BSA 2... Sphera,BOSCH
REWE,V02,BSA 3000 bis 3999,BOSCH
REWE,V02,BSB 2080,BOSCH
REWE,V02,BSC 1… Serie Casa,BOSCH
REWE,V02,BSD Serie sphera,BOSCH
REWE,V02,BSF 1... Ultra,BOSCH
REWE,V02,BSG 4... Terrossa,BOSCH
REWE,V02,BSG 6… Logo,BOSCH
REWE,V02,BSG 7…,BOSCH
REWE,V02,BSGL 2Move Serie,BOSCH
REWE,V02,BSGL 3… Serie,BOSCH
REWE,V02,BSGL 4… Serie,BOSCH
REWE,V02,"Typ D, E, F",BOSCH
REWE,V02,Typ G,BOSCH
REWE,V02,Typ H,BOSCH
REWE,V05,B 4212,BRAVO
REWE,V05,TVC 2400,BUDGET
REWE,V05,BS 1204,CLATRONIC
REWE,V05,BS 1204 bis 1205,CLATRONIC
REWE,V05,BS 1205,CLATRONIC
REWE,V05,BS 1207,CLATRONIC
REWE,V05,BS 1208,CLATRONIC
REWE,V05,BS 1210,CLATRONIC
REWE,V05,BS 1211,CLATRONIC
REWE,V05,BS 1212,CLATRONIC
REWE,V05,BS 1214,CLATRONIC
REWE,V05,BS 1215,CLATRONIC
REWE,V05,BS 1216,CLATRONIC
REWE,V05,BS 1217,CLATRONIC
REWE,V05,BS 1219,CLATRONIC
REWE,V05,BS 1220,CLATRONIC
REWE,V05,BS 1221,CLATRONIC
REWE,V05,BS 1223,CLATRONIC
REWE,V05,BS 1225,CLATRONIC
REWE,V05,BS 1226,CLATRONIC
REWE,V05,BS 1227,CLATRONIC
REWE,V05,BS 1232,CLATRONIC
REWE,V05,BS 1233,CLATRONIC
REWE,V05,BS 1235,CLATRONIC
REWE,V05,BS 1237,CLATRONIC
REWE,V05,BS 1238,CLATRONIC
REWE,V05,BS 1243,CLATRONIC
REWE,V05,BS 1245,CLATRONIC
REWE,V05,BS 1246,CLATRONIC
REWE,V05,BS 1254,CLATRONIC
REWE,V05,BS 1257 (08/2007 bis ),CLATRONIC
REWE,V05,BS 1262,CLATRONIC
REWE,V05,BS 1266,CLATRONIC
REWE,V05,BS 1267,CLATRONIC
REWE,V05,BS 1268,CLATRONIC
REWE,V05,BS 1271,CLATRONIC
REWE,V05,BS 1274,CLATRONIC
REWE,V05,BS 1279 (>C),CLATRONIC
REWE,V05,BS 1288,CLATRONIC
REWE,V05,BS 1292,CLATRONIC
REWE,V05,BS 1296,CLATRONIC
REWE,V05,BS 1301,CLATRONIC
REWE,V05,BS 900 EST,CLATRONIC
REWE,V05,BS 901 EST,CLATRONIC
REWE,V05,BSS 1600,CLATRONIC
REWE,V05,Weasel BS 900,CLATRONIC
REWE,V05,Duo Express JC611-200,CLATRONIC
REWE,V05,Eco Line (1159),CLATRONIC
REWE,V05,Effizient Plus,CLATRONIC
REWE,V05,Energy Plus - 8924,CLATRONIC
REWE,V05,KPA11E-2,CLATRONIC
REWE,V05,2189,CLATRONIC
REWE,V05,"VP 9141, 9151",CONCEPT
REWE,V05,VP 9711 bis 9713,CONCEPT
REWE,V05,VC-H 4201,CONDEL
REWE,V02,VC 6C1600,TRUCTA
REWE,V05,RC-105,DAEWOO
REWE,V05,RC-105 D,DAEWOO
REWE,V05,RC-107,DAEWOO
REWE,V05,RC-108,DAEWOO
REWE,V05,RC-170,DAEWOO
REWE,V05,RC-190,DAEWOO
REWE,V05,RC-190(K),DAEWOO
REWE,V05,RC-2006,DAEWOO
REWE,V05,RC-205,DAEWOO
REWE,V05,RC-205 D,DAEWOO
REWE,V05,RC-209,DAEWOO
REWE,V05,RC-209 D,DAEWOO
REWE,V05,RC-2500,DAEWOO
REWE,V05,RC-406,DAEWOO
REWE,V05,RC-407,DAEWOO
REWE,V05,RC-450,DAEWOO
REWE,V05,RC-5000 HM,DAEWOO
REWE,V05,RC-550,DAEWOO
REWE,V05,RC-605,DAEWOO
REWE,V05,RC-605 D,DAEWOO
REWE,V05,RC-609,DAEWOO
REWE,V05,RC-609 D,DAEWOO
REWE,V05,RC-705 D,DAEWOO
REWE,V05,RC-805 A,DAEWOO
REWE,V05,RCG 100 (>C),DAEWOO
REWE,V05,"QZ 11 B, QZ 12 B, Z (>B)",DAREL
REWE,V05,QZ 12 Z,DAREL
REWE,V05,XTD 2040,DAREL
REWE,V05,XTD 2050 E,DAREL
REWE,V05,XTD 2060 E,DAREL
REWE,V05,XTD 2065 E,DAREL
REWE,V05,XTD 2070 E,DAREL
REWE,V05,XTD 3070 E,DAREL
REWE,V05,XTD 3071 E,DAREL
REWE,V05,XTD 3080 E/ET,DAREL
REWE,V05,XTD 3081 E/ET,DAREL
REWE,V05,XTD 3095 E,DAREL
REWE,V05,XTD 3096 E,DAREL
REWE,V05,XTH 170 E (>B),DAREL
REWE,V05,XTH 180 E (>B),DAREL
REWE,V05,XTH 200 E Cleos (>B),DAREL
REWE,V05,XTH 210 (>B),DAREL
REWE,V05,XTL 190 PE Xlence,DAREL
REWE,V05,XTL 210 PE Xlence,DAREL
REWE,V05,XTL 212 PET Xlence,DAREL
REWE,V05,XTL 220 Serie Xlence,DAREL
REWE,V05,5073251,DESINA
REWE,V05,1600 E Titan/Silber,DESINA
REWE,V03,"BSS 1302 E, blau Max Mobil",DESINA
REWE,V05,BSS 1400 E blau metallic Max Mobil,DESINA
REWE,V05,"BSS 1400 E, blau metallic Max Mobil",DESINA
REWE,V05,BSS 1400 rot Max Mobil,DESINA
REWE,V05,"BSS 1400 space, silber Max Mobil",DESINA
REWE,V05,BSS 1401 E compact,DESINA
REWE,V05,BSS 1601 E compact,DESINA
REWE,V05,BSS duo 2000,DESINA
REWE,V05,BSS Green Line Silence,DESINA
REWE,V05,BSS Max Mobil 1400 rot,DESINA
REWE,V05,BSS Red Line,DESINA
REWE,V05,BSS Remote 1800,DESINA
REWE,V05,BSS silence 1800 W,DESINA
REWE,V05,BSS Wave 1400,DESINA
REWE,V05,CH 108 1400 W,DESINA
REWE,V05,CH 806,DESINA
REWE,V03,Diamant 300,DESINA
REWE,V02,Hippo,DESINA
REWE,V05,JC 861 E,DESINA
REWE,V05,JC 862 E,DESINA
REWE,V05,Max mobil 1600 duo,DESINA
REWE,V05,Max mobil power 1600 E,DESINA
REWE,V02,VC 202,DESINA
REWE,V05,VC 9902 E,DESINA
REWE,V05,ZW 1012,DESINA
REWE,V05,BG-1 M 3200,DESINA
REWE,V05,BG-2 M 3210,DESINA
REWE,V05,DD 3201,DESINA
REWE,V05,DD 3274,DESINA
REWE,V05,DD 7014 Beat,DESINA
REWE,V05,DD 7014 Popster,DESINA
REWE,V05,DD 7070 - Rebel 72,DESINA
REWE,V05,DD 7071 - Rebel 73,DESINA
REWE,V05,DD 7114 - Capoera,DESINA
REWE,V05,DD 7274 - Rebel 74,DESINA
REWE,V05,DD 7275 - Rebel 75,DESINA
REWE,V05,DD 7374 - Beat,DESINA
REWE,V05,DD 7374 - Popster,DESINA
REWE,V05,DD 7375 - Capoera,DESINA
REWE,V05,DD 7700 - Rebel 70,DESINA
REWE,V05,DD 7710 - Rebel 71,DESINA
REWE,V05,DD 7770 - Rebel 77,DESINA
REWE,V05,M 1405 Powerline,DESINA
REWE,V05,M 1565 - Lifty,DESINA
REWE,V05,M 1605 - Powerline,DESINA
REWE,V05,M 1606 - Derby,DESINA
REWE,V05,M 1608 - Derby,DESINA
REWE,V05,M 1610 bis 1613 Energy,DESINA
REWE,V05,M 1631 - Galaxxy,DESINA
REWE,V05,M 1632 - Galaxxy,DESINA
REWE,V05,M 1710 - Energy,DESINA
REWE,V05,M 1800 - Energy,DESINA
REWE,V05,M 1805 - Powerline,DESINA
REWE,V05,M 1806 - Powerline,DESINA
REWE,V05,M 1808 - Powerline,DESINA
REWE,V05,M 1890 - Avanty,DESINA
REWE,V05,M 1891 - Avanty,DESINA
REWE,V05,M 1900 - Avanty,DESINA
REWE,V05,M 2000 - Avanty,DESINA
REWE,V05,"M 2012-1, 2012-5",DESINA
REWE,V05,M 2012-2,DESINA
REWE,V05,M 2200 - Avanty,DESINA
REWE,V05,M 3050 - Classic,DESINA
REWE,V05,M 3055 - Classic,DESINA
REWE,V05,M 3200 - Black Label,DESINA
REWE,V05,M 3210 - Black Label,DESINA
REWE,V05,M 3320,DESINA
REWE,V05,M 7000 - Allegra,DESINA
REWE,V05,M 7004,DESINA
REWE,V05,M 7005,DESINA
REWE,V05,M 7006 (>A),DESINA
REWE,V05,M 7009 - Paroly,DESINA
REWE,V05,M 7010 - Bagline 2.8 P (>B),DESINA
REWE,V05,M 7011 - Skuppy,DESINA
REWE,V05,M 7012 - Popster,DESINA
REWE,V05,M 7013,DESINA
REWE,V05,M 7017 - Mustang,DESINA
REWE,V05,M 7018 (>A),DESINA
REWE,V05,M 7019 - Lifty,DESINA
REWE,V05,M 7020 - Bagline 2.8 P,DESINA
REWE,V05,M 7021-5 - Derby,DESINA
REWE,V05,M 7023 - Rocco,DESINA
REWE,V05,M 7025 - Bagline,DESINA
REWE,V05,M 7030 - Bagline,DESINA
REWE,V05,M 7050 - Fello & Friend Bag,DESINA
REWE,V05,M 7055 - Bagline,DESINA
REWE,V05,M 7059 - Bagline,DESINA
REWE,V05,M 7060 - Bagline 2.6 i,DESINA
REWE,V05,M 7066 - Cargo,DESINA
REWE,V05,M 7070 - Bagline,DESINA
REWE,V05,M 7075 - Vito 5.0,DESINA
REWE,V05,M 7080 - Pico bello,DESINA
REWE,V05,M 7098 - Fantasy,DESINA
REWE,V05,M 7099 - Azury,DESINA
REWE,V05,M 7100 - EQU,DESINA
REWE,V05,M 7101 - EQU 2,DESINA
REWE,V05,M 7103 - EQU 2,DESINA
REWE,V05,M 7105 - EQU,DESINA
REWE,V05,M 7109 - EQU 2,DESINA
REWE,V05,M 7110 - Mustang,DESINA
REWE,V05,M 7111 - Fello & Friend MT,DESINA
REWE,V05,M 7118 - Matrixx,DESINA
REWE,V05,M 7120 - EQU Silence,DESINA
REWE,V05,M 7122 - EQU Silence,DESINA
REWE,V05,M 7123 - EQU Silence BG,DESINA
REWE,V05,M 8000 - Galileo,DESINA
REWE,V05,M 8020 - R1,DESINA
REWE,V05,M 8028 - R1,DESINA
REWE,V05,M 8030 - R9,DESINA
REWE,V05,M 8038 - R9,DESINA
REWE,V05,M 8220 - R4,DESINA
REWE,V05,M 8230 - R3,DESINA
REWE,V05,M 8238 - R3,DESINA
REWE,V05,MA 3050-1 Activity Control,DESINA
REWE,V05,DO 72465,DOMO
REWE,V05,DO 7261S,DOMO
REWE,V05,Green Power,DOMO
REWE,V05,DAA 039,DUNRITE
REWE,V05,BS 2000 W,DURABRA
REWE,V05,BS 2000 W.1,DURABRA
REWE,V05,BS 7702,DURABRA
REWE,V05,BS 7703,DURABRA
REWE,V05,PS 1800 W,DURABRA
REWE,V05,VP 908,ECG
REWE,V05,BSS 2700,ECG
REWE,V05,BSS 3000 R,ECG
REWE,V05,BSS 500,ECG
REWE,V05,BSS 600,ECG
REWE,V05,BSS 8000 ECO,ECG
REWE,V05,KA VC 32,ECG
REWE,V05,KA VC 8,ECG
REWE,V05,SC BBS 2200,ECG
REWE,V05,SC BSS 1000 Cleano,ECG
REWE,V05,SC BSS 1100 Stilo,ECG
REWE,V05,SC BSS 1300 Maximo,ECG
REWE,V05,SC BSS 510/ RW,ECG
REWE,V05,SC BSS 7000 GW,ECG
REWE,V05,SC BSS 7700,ECG
REWE,V05,ST 100,ECG
REWE,V05,ST 28 BT,ECG
REWE,V05,ST 32 BT (09/2005 bis ),ECG
REWE,V05,ST 32 SW,ECG
REWE,V05,STS 300,ECG
REWE,V05,STS 3500,ECG
REWE,V05,X Power,ECG
REWE,V05,Puro… Serie,EIO
REWE,V05,Sento 1600,EIO
REWE,V05,VC 2000 SW,EIO
REWE,V05,S662,EIO
REWE,V05,S663,EIO
REWE,V05,S700,EIO
REWE,V04,5010 bis 5045 Silence,ELECTROLUX
REWE,V05,"B Mondo, Mondo",ELECTROLUX
REWE,V03,Bolero Z 5003,ELECTROLUX
REWE,V05,Dolphin Plus …,ELECTROLUX
REWE,V03,Mega Boss …,ELECTROLUX
REWE,V03,Power Plus,ELECTROLUX
REWE,V03,Samba Z 5002,ELECTROLUX
REWE,V03,Tango Z 5001,ELECTROLUX
REWE,V05,The boss,ELECTROLUX
REWE,V03,The Boss …,ELECTROLUX
REWE,V05,"U 5002, 5003",ELECTROLUX
REWE,V03,U2100 bis 2170,ELECTROLUX
REWE,V04,UltraOne - UO Serie,ELECTROLUX
REWE,V04,UltraOne - UO Serie,ELECTROLUX
REWE,V04,UltraOne UOANIMAL,ELECTROLUX
REWE,V04,UltraOne UOPOWER,ELECTROLUX
REWE,V03,XIO …,ELECTROLUX
REWE,V04,XXM … Maximus,ELECTROLUX
REWE,V03,Z 1010 bis 1037,ELECTROLUX
REWE,V04,Z 1900 bis 2095 Clario,ELECTROLUX
REWE,V03,Z 2940 Filio,ELECTROLUX
REWE,V03,Z 2950 Filio,ELECTROLUX
REWE,V04,Z 3300 bis 3395 UltraSilencer,ELECTROLUX
REWE,V05,Z 3480,ELECTROLUX
REWE,V05,Z 3482 Ingenio,ELECTROLUX
REWE,V04,Z 3920 bis 3990 UltraSilencer,ELECTROLUX
REWE,V05,"Z 4105, 4106",ELECTROLUX
REWE,V03,"Z 4410, 4411, 4412",ELECTROLUX
REWE,V03,"Z 4430, 4431, 4432, 4435",ELECTROLUX
REWE,V03,Z 4490 bis 4499,ELECTROLUX
REWE,V04,Z 4500 bis 4595 Bolido,ELECTROLUX
REWE,V04,Z 5000 bis 5295 Excellio,ELECTROLUX
REWE,V04,Z 5000 bis 5696 SmartVac,ELECTROLUX
REWE,V05,"Z 5115, 5116",ELECTROLUX
REWE,V03,Z 5305 Filio,ELECTROLUX
REWE,V04,Z 5500 bis 5695 Oxygen,ELECTROLUX
REWE,V04,Z 5900 bis 5995 Oxygen,ELECTROLUX
REWE,V03,Z 6050 Power Boost,ELECTROLUX
REWE,V04,"Z 6200, 6201 Mondo Plus",ELECTROLUX
REWE,V04,Z 7320 bis 7399 Oxygen+,ELECTROLUX
REWE,V04,Z 7510 bis 7549 Clario,ELECTROLUX
REWE,V03,Z1905.1/2 Filio,ELECTROLUX
REWE,V04,ZAM … AirMax,ELECTROLUX
REWE,V03,ZCE 1800 CE Power,ELECTROLUX
REWE,V03,ZCE 2200 CE Power,ELECTROLUX
REWE,V04,ZCS … Classic Silence,ELECTROLUX
REWE,V04,ZE … Ergospace,ELECTROLUX
REWE,V04,ZE … New Ergospace,ELECTROLUX
REWE,V04,ZEG … Ergospace Green,ELECTROLUX
REWE,V04,ZEO… Essensio,ELECTROLUX
REWE,V04,ZJG … JetMaxx Green,ELECTROLUX
REWE,V04,ZJM … JetMaxx,ELECTROLUX
REWE,V04,ZO … Oxy³system,ELECTROLUX
REWE,V04,ZP … Clario2,ELECTROLUX
REWE,V04,ZP … Ergomini,ELECTROLUX
REWE,V04,ZT 7740 bis 7770,ELECTROLUX
REWE,V04,ZUS … Ultra Silencer,ELECTROLUX
REWE,V04,ZUSG … Ultra Silencer green,ELECTROLUX
REWE,V04,ZV … VivaControl,ELECTROLUX
REWE,V04,ZVQ … Viva Quickstop,ELECTROLUX
REWE,V04,ZXM … Maximus,ELECTROLUX
REWE,V05,NC 920,ELITE
REWE,V05,VC 2000M,ELITE
REWE,V05,VC 2200,ELITE
REWE,V05,VC 301,ELTA
REWE,V05,VC 302,ELTA
REWE,V05,VC 400,ELTA
REWE,V05,EBS 1400,ELTROPA
REWE,V05,EBS 1401,ELTROPA
REWE,V05,"E 930, E 952",ELTROPA
REWE,V05,K 029,ELTROPA
REWE,V05,ST 018,ELTROPA
REWE,V05,BS 701,EMIDE
REWE,V05,BS 702,EMIDE
REWE,V05,455 Jolly,ETA
REWE,V05,458 Viva,ETA
REWE,V05,460 O3,ETA
REWE,V05,466 Onyx,ETA
REWE,V05,468 Baggin,ETA
REWE,V05,471 Serie Silent,ETA
REWE,V05,472 Serie Dualic,ETA
REWE,V05,474 Galanto,ETA
REWE,V05,480 Dante,ETA
REWE,V05,481 Canto,ETA
REWE,V05,483 Violeta,ETA
REWE,V05,BS 900,ETA
REWE,V05,BS 901,ETA
REWE,V05,EVC 3012,EVGO
REWE,V05,EVC 4540,EVGO
REWE,V05,Sento 1600,EWT
REWE,V05,20 06 805,FAKIR
REWE,V05,"2100, 2200, 2300 Emotion",FAKIR
REWE,V05,"220, 240 - Action",FAKIR
REWE,V05,24 22 805,FAKIR
REWE,V05,2400 Emotion,FAKIR
REWE,V05,2400 turbo Emotion,FAKIR
REWE,V05,A 160 / Öko Power,FAKIR
REWE,V05,A 220 - Prestige,FAKIR
REWE,V05,A 300 EL,FAKIR
REWE,V05,A 81,FAKIR
REWE,V05,A 90 / EL,FAKIR
REWE,V05,A 92 bis A 94,FAKIR
REWE,V05,"A1, A2 Prestige",FAKIR
REWE,V05,Action 220,FAKIR
REWE,V05,Action 240,FAKIR
REWE,V05,B 180,FAKIR
REWE,V05,B 200,FAKIR
REWE,V05,B 220 - Prestige,FAKIR
REWE,V05,Basic 2000,FAKIR
REWE,V05,C 160,FAKIR
REWE,V05,C 160 EL,FAKIR
REWE,V05,C 240 Prestige,FAKIR
REWE,V05,E 240,FAKIR
REWE,V05,Hans,FAKIR
REWE,V05,Peter,FAKIR
REWE,V05,Red Vac Eco,FAKIR
REWE,V05,Theo,FAKIR
REWE,V05,Willi,FAKIR
REWE,V05,BS 1400 bis BS 1403 Serie,FIF
REWE,V05,BS 6162,FIF
REWE,V05,EVC 450,FIF
REWE,V05,EVC 460,FIF
REWE,V05,KS 5123,FIF
REWE,V05,KS 6122,FIF
REWE,V05,WK 1400 A,FIF
REWE,V05,WK 1400 E,FIF
REWE,V05,WK 1400 EL,FIF
REWE,V05,BS-2000W,GERMATIC
REWE,V05,BS-2000W.16,GERMATIC
REWE,V05,BS-2000W.7,GERMATIC
REWE,V05,BS-2200W.3,GERMATIC
REWE,V05,BS-2200W.4,GERMATIC
REWE,V05,BS-2300WDP,GERMATIC
REWE,V05,BS-300 Eco,GERMATIC
REWE,V05,PS-1600W NE,GERMATIC
REWE,V05,M 2400 Maxima,GLOBUS
REWE,V05,403,FAM
REWE,V05,405,FAM
REWE,V05,410,FAM
REWE,V05,470,FAM
REWE,V05,479,FAM
REWE,V05,489,FAM
REWE,V03,B 6,GRONBACH
REWE,V03,M 6 RC,GRONBACH
REWE,V05,Bodyguard VCC 3650,GRUNDIG
REWE,V05,Bodyguard VCC 4350,GRUNDIG
REWE,V05,Bodyguard VCC 4950,GRUNDIG
REWE,V05,Bodyguard VCC 5650,GRUNDIG
REWE,V05,Bodyguard VCC 5850,GRUNDIG
REWE,V05,Bodyguard VCC 7650,GRUNDIG
REWE,V05,Bodyguard VCC 9450,GRUNDIG
REWE,V05,Bodyguard VCC 9850,GRUNDIG
REWE,V05,Eco VCC 9851,GRUNDIG
REWE,V05,Type E - Hygiene Bag,GRUNDIG
REWE,V05,Type F - Hygiene Bag,GRUNDIG
REWE,V05,Type G - Hygiene Bag,GRUNDIG
REWE,V05,218.560,HAN
REWE,V05,218.648,HAN
REWE,V05,226.948,HAN
REWE,V05,230.453,HAN
REWE,V05,230.492,HAN
REWE,V05,230.799,HAN
REWE,V05,343.478,HAN
REWE,V05,387.294,HAN
REWE,V05,410.771,HAN
REWE,V05,416.043,HAN
REWE,V05,474.477,HAN
REWE,V02,476.122,HAN
REWE,V02,476.468,HAN
REWE,V05,487.608,HAN
REWE,V05,537.607,HAN
REWE,V05,566.935,HAN
REWE,V05,567.809,HAN
REWE,V05,650.348,HAN
REWE,V05,651.177,HAN
REWE,V05,702.496,HAN
REWE,V05,702.562,HAN
REWE,V05,702.582,HAN
REWE,V05,703.198,HAN
REWE,V05,708.409,HAN
REWE,V05,725.398,HAN
REWE,V05,727.707,HAN
REWE,V05,728.352,HAN
REWE,V04,732.326,HAN
REWE,V05,825.100,HAN
REWE,V05,825.625,HAN
REWE,V05,825.656,HAN
REWE,V05,843.175,HAN
REWE,V05,864.485,HAN
REWE,V05,881.855,HAN
REWE,V05,Dual Power,HAN
REWE,V05,Dust master 2000,HAN
REWE,V05,Eco-Line Premio 1400W (mit Korb),HAN
REWE,V05,Eco-Line Premio 1400W (ohne Korb),HAN
REWE,V05,Fresh 1800,HAN
REWE,V05,IX Vac 1600,HAN
REWE,V05,JCV 1600,HAN
REWE,V05,JCV-3001,HAN
REWE,V05,Power cCean 4000 Hepa,HAN
REWE,V05,Power Clean 1800,HAN
REWE,V05,Power Clean 3000,HAN
REWE,V05,Power Clean Plus 4000 Hepa,HAN
REWE,V05,Senator 2200 SL,HAN
REWE,V05,Sweety 1400 Watt,HAN
REWE,V05,VC 436E-22,HAN
REWE,V05,VC-H 4201E,HAN
REWE,V05,VC-H 4205,HAN
REWE,V05,VC-H 4601,HAN
REWE,V05,VC-H 4810 (mit Korb),HAN
REWE,V05,VC-H 4810 (ohne Korb),HAN
REWE,V05,VC-H 5003E,HAN
REWE,V05,VC-HT 5011ES,HAN
REWE,V05,HM 2047,HAUSMEISTER
REWE,V05,BS 13006,HERU
REWE,V05,OD-46,HOLDEN
REWE,V05,OD-49,HOLDEN
REWE,V05,C 112,HOLDEN
REWE,V05,C 114,HOLDEN
REWE,V05,LIL 1500 R,HOLDEN
REWE,V05,LIL 1500 RD,HOLDEN
REWE,V05,Lillij,HOLDEN
REWE,V05,Lillij Powerpack,HOLDEN
REWE,V05,Lillij... Serie (>B),HOLDEN
REWE,V05,BS 1601,HOLDEN
REWE,V05,C 112 M,HOLDEN
REWE,V05,C 114 E,HOLDEN
REWE,V05,C 114 M,HOLDEN
REWE,V05,Delfin 1800 W,HOLDEN
REWE,V05,AC70_AC… Serie,HOOVER
REWE,V05,AC73_AC… Serie,HOOVER
REWE,V06,AT70 AT00… 100 Athos,HOOVER
REWE,V05,H 66,HOOVER
REWE,V06,H 72,HOOVER
REWE,V06,H 73,HOOVER
REWE,V05,S 9040 Dinamis,HOOVER
REWE,V05,SX 9540… 9560 Dinamis Serie,HOOVER
REWE,V06,TAT 0100… 2999 - Athos,HOOVER
REWE,V03,HN 1400 Popsy,HUGIN
REWE,V03,"HN 1410, 1420 Coronell",HUGIN
REWE,V03,Rolfy,HUGIN
REWE,V04,Stratus HN 7020,HUGIN
REWE,V04,Titan HN 7005,HUGIN
REWE,V04,Titan HN 7010,HUGIN
REWE,V04,Titan HN 7015,HUGIN
REWE,V03,XIO …,HUGIN
REWE,V05,HVC 1580,HYUNDAI
REWE,V05,VC 003,HYUNDAI
REWE,V05,1200 Compact,IDELINE
REWE,V05,140-001 Guldsegl,IDELINE
REWE,V05,140-008 Guldsegl,IDELINE
REWE,V05,640-031,IDELINE
REWE,V05,740-025 Compact,IDELINE
REWE,V05,740-026 Compact,IDELINE
REWE,V05,740-039 Monsun Midi,IDELINE
REWE,V05,740-048 Sirocco,IDELINE
REWE,V05,740-049 Sirocco,IDELINE
REWE,V05,740-067 Cyclone,IDELINE
REWE,V05,740-068 Atlantic,IDELINE
REWE,V05,740-073,IDELINE
REWE,V05,740-074 Breezy,IDELINE
REWE,V05,740-080 Viento,IDELINE
REWE,V05,740-084 Silence,IDELINE
REWE,V05,740-089 Opal,IDELINE
REWE,V05,740-090 Chinook,IDELINE
REWE,V05,740-091 Bora,IDELINE
REWE,V05,740-094 Forza 2000,IDELINE
REWE,V05,740-107,IDELINE
REWE,V05,740-108 Speedster,IDELINE
REWE,V05,740-109 Optimum,IDELINE
REWE,V05,740-114,IDELINE
REWE,V05,749-673,IDELINE
REWE,V05,JC-861 E / Compact,IDELINE
REWE,V05,Mistral Compact 1200,IDELINE
REWE,V05,Speed,IDELINE
REWE,V05,Vortex,IDELINE
REWE,V05,ZW100-40A,IDELINE
REWE,V05,M7117-BG1 Silence,INFINITY
REWE,V05,KS 6122,INOTEC
REWE,V05,IR-4030,IRIT
REWE,V05,VC 9915 E,ITO
REWE,V05,VC 9919 E,ITO
REWE,V05,VC 9923 E,ITO
REWE,V05,VC 9933 E,ITO
REWE,V05,VC 9935 E,ITO
REWE,V05,VC 9937 E,ITO
REWE,V05,VC 9939 E,ITO
REWE,V05,BS 1410,KALORIK
REWE,V05,KA JU 1400,KALORIK
REWE,V05,KA VC 23,KALORIK
REWE,V05,KA VC 30,KALORIK
REWE,V05,KA VC 32,KALORIK
REWE,V05,KA VC 6,KALORIK
REWE,V05,KA VC 8,KALORIK
REWE,V05,KA VC 9,KALORIK
REWE,V05,TKG-VC 1008,KALORIK
REWE,V05,TKG-VC 1011,KALORIK
REWE,V05,TKG-VC 1012,KALORIK
REWE,V05,TKG-VC 1014,KALORIK
REWE,V05,TKG-VC 38,KALORIK
REWE,V05,VC 19 VCH 4801 E,KALORIK
REWE,V05,VC 34,KALORIK
REWE,V05,VC 37,KALORIK
REWE,V05,KVC 1200,KAMBROOK
REWE,V05,KVC 1300,KAMBROOK
REWE,V05,6414824,KÄRCHER
REWE,V05,6.414-824,KÄRCHER
REWE,V05,6.969-001,KÄRCHER
REWE,V05,TSC 505,KÄRCHER
REWE,V02,VC 5000 bis VC 5999,KÄRCHER
REWE,V02,VC 5000 bis 5999 Serie,KÄRCHER
REWE,V05,CJ 032,KAUFLAND
REWE,V05,CJ 053,KAUFLAND
REWE,V05,KST 27,KAUFLAND
REWE,V05,KS 3100,KENWOOD
REWE,V05,KS 3200,KENWOOD
REWE,V05,"BS 2000 MT, 2001 MT",KHG
REWE,V05,JC 861 E,KINGLAKE
REWE,V04,KVB 01-AE,KOENIC
REWE,V06,KVB 01-MI,KOENIC
REWE,V02,KVB 01-SB,KOENIC
REWE,V05,KVB 02-AE,KOENIC
REWE,V01,KVB 02-MI,KOENIC
REWE,V05,KVC 100,KOENIC
REWE,V05,KVC 200 Comfort,KOENIC
REWE,V05,KVC 700,KOENIC
REWE,V02,923,KRUPS
REWE,V02,935,KRUPS
REWE,V02,915 bis 919,KRUPS
REWE,V02,927 bis 930 Compact,KRUPS
REWE,V05,K-145,LEHOFF
REWE,V05,KH 3158,LEHOFF
REWE,V05,KH 94,LEHOFF
REWE,V05,RG-105,TRONICS
REWE,V05,TB-36,TRONICS
REWE,V05,TB-42,TRONICS
REWE,V05,Turbo 4000,TRONICS
REWE,V05,"V 4200, 4250",TRONICS
REWE,V05,V 4400 Turbo Extra Serie,TRONICS
REWE,V05,"V-2600, 2620",TRONICS
REWE,V05,V-982,TRONICS
REWE,V05,V-C 2940,TRONICS
REWE,V05,V-C 30**,TRONICS
REWE,V05,"V-C 424***, 425***, 426***, 427***",TRONICS
REWE,V05,VC 4400,TRONICS
REWE,V05,"V-C 444***, 445***, 446***",TRONICS
REWE,V05,V-C 4A51... 52,TRONICS
REWE,V05,"V-C 6161, V-C 6172",TRONICS
REWE,V05,V-CB 472,TRONICS
REWE,V05,"V-CQ 362, 372, 382",TRONICS
REWE,V05,V-CQ 962,TRONICS
REWE,V05,"VTC 3031, 3032, 3044",TRONICS
REWE,V03,Aria,LINDHAUS
REWE,V05,DAV-TST .... - LEU,LIVENTA
REWE,V05,VAC-HYP ....-LEU,LIVENTA
REWE,V05,.154/490,LLOYDS
REWE,V05,.167/053,LLOYDS
REWE,V05,.194/522,LLOYDS
REWE,V05,.211/540,LLOYDS
REWE,V05,.273/201,LLOYDS
REWE,V05,.409/502,LLOYDS
REWE,V05,.567/151,LLOYDS
REWE,V05,.628/266,LLOYDS
REWE,V05,.865/328,LLOYDS
REWE,V05,.865/344,LLOYDS
REWE,V05,.865/842,LLOYDS
REWE,V05,805,MAGIC
REWE,V05,RMV-1623,MAGNIT
REWE,V05,V-8610E4,MAJESTIC
REWE,V05,MT 1336,MARTA
REWE,V05,BS 1400 (>B),MBO
REWE,V05,BS 1410 (>B),MBO
REWE,V05,BS 1500 (>B),MBO
REWE,V05,MD 41277,MEDION
REWE,V05,MD 5729,MEDION
REWE,V05,MD 5891,MEDION
REWE,V05,MM 2668 - Mircomaxx,MEDION
REWE,V05,MM 40635 Micromaxx,MEDION
REWE,V05,640-027 Cardon,MELISSA
REWE,V05,640-061 Sivana,MELISSA
REWE,V05,640-062 Titan,MELISSA
REWE,V05,640-121,MELISSA
REWE,V05,640-145 Elegance,MELISSA
REWE,V05,640-156,MELISSA
REWE,V05,640-167 Fleur/Flora,MELISSA
REWE,V05,640-197,MELISSA
REWE,V05,Safire 640-029,MELISSA
REWE,V05,VCC 16,MELISSA
REWE,V05,BS 5612 Clean Master 2200,MIA
REWE,V05,BS 5615 Super Clean 1800,MIA
REWE,V05,BS 5621,MIA
REWE,V05,BS 868 Jambo,MIA
REWE,V05,MD 5891,MICROMAXX
REWE,V05,MM 2668,MICROMAXX
REWE,V05,MM 40635,MICROMAXX
REWE,V01,30 Anniversary Sverige,MIELE
REWE,V06,Accu nova + SAB,MIELE
REWE,V01,Active Hepa,MIELE
REWE,V01,Active Hepa de luxe,MIELE
REWE,V01,Active Medical S 578,MIELE
REWE,V01,Active Team,MIELE
REWE,V01,Allergotec 2000,MIELE
REWE,V01,Allergy Control 2000,MIELE
REWE,V06,Allergy Control 2200,MIELE
REWE,V01,Allergy Control 500,MIELE
REWE,V06,Allergy Control 600,MIELE
REWE,V01,Allergy Control 700,MIELE
REWE,V06,Allergy Control 800,MIELE
REWE,V01,Allergy Control Plus S 500,MIELE
REWE,V06,Allergy Control Plus S 600,MIELE
REWE,V01,Allergy Control S 300,MIELE
REWE,V06,Allergy Control S 400,MIELE
REWE,V06,Allergy Control S5,MIELE
REWE,V01,Allergy Hepa,MIELE
REWE,V01,Allergy Hepa 1800,MIELE
REWE,V01,Allergy Hepa 700,MIELE
REWE,V01,Allergy Hepa Plus,MIELE
REWE,V06,Allergy Stop,MIELE
REWE,V01,Allervac Hepa Plus,MIELE
REWE,V06,Allervac S 400,MIELE
REWE,V06,Allervac S 600,MIELE
REWE,V01,Allervac S 718,MIELE
REWE,V06,Allervac S 800,MIELE
REWE,V06,Allervac Sensor,MIELE
REWE,V01,Allervac Sensor 2000,MIELE
REWE,V06,Allervac Sensor 5000,MIELE
REWE,V01,Alu Limited Edition,MIELE
REWE,V01,Alu Magic,MIELE
REWE,V01,Aluminium,MIELE
REWE,V06,Amaranth,MIELE
REWE,V01,Ambiente Plus,MIELE
REWE,V06,Ambiente S5,MIELE
REWE,V06,Aniversario,MIELE
REWE,V01,Anniversary 100,MIELE
REWE,V01,Argento,MIELE
REWE,V06,Ariel,MIELE
REWE,V01,Artico,MIELE
REWE,V06,Auto Eco 5000,MIELE
REWE,V01,Automatic,MIELE
REWE,V06,Automatic Hepa 5000,MIELE
REWE,V06,Automatic S5,MIELE
REWE,V06,Automatic TT 5000,MIELE
REWE,V06,Avantage,MIELE
REWE,V01,Baby Care 4000,MIELE
REWE,V06,Baby Care 5000,MIELE
REWE,V01,Baby Care S4,MIELE
REWE,V06,Best Friend S5,MIELE
REWE,V01,Best Parkett,MIELE
REWE,V06,Big Cat & Dog,MIELE
REWE,V01,Black Design,MIELE
REWE,V01,Black Diamond,MIELE
REWE,V06,Black Jewel,MIELE
REWE,V01,Black Magic,MIELE
REWE,V01,Black Pearl,MIELE
REWE,V01,Black Pearl 2000,MIELE
REWE,V06,Black Pearl 5000,MIELE
REWE,V01,Blue Clean 1900,MIELE
REWE,V01,Blue Magic,MIELE
REWE,V01,Blue Magic 2000,MIELE
REWE,V06,Blue Moon + SES,MIELE
REWE,V06,Blue Moon Plus,MIELE
REWE,V01,Blue Star,MIELE
REWE,V01,Blue Vert,MIELE
REWE,V01,Brillant 2400,MIELE
REWE,V01,Brillant 3500,MIELE
REWE,V06,Brillant 4500,MIELE
REWE,V01,Brillant 5600,MIELE
REWE,V06,Brillant 6600,MIELE
REWE,V01,Brillant 7600,MIELE
REWE,V06,Brillant 8600,MIELE
REWE,V01,Brillant Light - S8,MIELE
REWE,V06,Brillant Light  XL - S8,MIELE
REWE,V01,Calypso,MIELE
REWE,V01,Capri,MIELE
REWE,V01,Caramel 700,MIELE
REWE,V06,CarCare S5,MIELE
REWE,V01,CarCare S6,MIELE
REWE,V06,Care Hepa,MIELE
REWE,V06,Care System,MIELE
REWE,V06,Caribic,MIELE
REWE,V01,Cat & Dog 2000,MIELE
REWE,V06,Cat & Dog 2200,MIELE
REWE,V01,Cat & Dog 4000 / CH,MIELE
REWE,V06,Cat & Dog 5000,MIELE
REWE,V06,Cat & Dog 5000 Plus,MIELE
REWE,V01,Cat & Dog 6000,MIELE
REWE,V01,Cat & Dog 700,MIELE
REWE,V06,Cat & Dog 800,MIELE
REWE,V01,Cat & Dog Carpet - S6,MIELE
REWE,V06,Cat & Dog Carpet - S8,MIELE
REWE,V01,Cat & Dog CH,MIELE
REWE,V01,Cat & Dog Hardfloor - S6,MIELE
REWE,V06,Cat & Dog Hardfloor - S8,MIELE
REWE,V06,Cat & Dog M.A.X.,MIELE
REWE,V01,Cat & Dog Max 2000,MIELE
REWE,V01,Cat & Dog Plus CH S 726,MIELE
REWE,V06,Cat & Dog Plus CH S5,MIELE
REWE,V01,Cat & Dog Plus S 500,MIELE
REWE,V01,Cat & Dog S 516,MIELE
REWE,V01,Cat & Dog S 6220,MIELE
REWE,V01,Cat & Dog S4,MIELE
REWE,V06,Cat & Dog S8,MIELE
REWE,V06,Cat & Dog Special 5000,MIELE
REWE,V01,Cat & Dog TT,MIELE
REWE,V01,Cat & Dog TT 2000,MIELE
REWE,V06,Cat & Dog TT 5000,MIELE
REWE,V06,Cat & Dog Turbo,MIELE
REWE,V06,Cat & Dog Turbo 5000,MIELE
REWE,V01,Celebration,MIELE
REWE,V01,CH S 712,MIELE
REWE,V01,Champagne + SES,MIELE
REWE,V06,Chili power,MIELE
REWE,V06,Classic C1 EcoLine,MIELE
REWE,V06,Classic C1 EcoLine Plus,MIELE
REWE,V06,Classic C1 Hardfloor EcoLine,MIELE
REWE,V06,Classic C1 Serie,MIELE
REWE,V01,Classic SEB 217,MIELE
REWE,V06,Clean C1 EcoLine,MIELE
REWE,V06,Clean C1 EcoLine Plus,MIELE
REWE,V06,Clean C1 Serie,MIELE
REWE,V06,Clean Care,MIELE
REWE,V06,Clean Control,MIELE
REWE,V06,Clean Control 5000,MIELE
REWE,V01,Clean Hepa,MIELE
REWE,V01,Clean Parkett,MIELE
REWE,V06,Clean Team (4 Rollen),MIELE
REWE,V01,Clean Team S 718,MIELE
REWE,V01,Cleanteam 500,MIELE
REWE,V01,Cleanteam Plus,MIELE
REWE,V06,Comfort Care,MIELE
REWE,V06,Comfort De Luxe 5000,MIELE
REWE,V06,Comfort Plus S5,MIELE
REWE,V01,Comfort S 381,MIELE
REWE,V06,Comfort S5,MIELE
REWE,V01,Comfort XL S 381,MIELE
REWE,V06,Comfort XL S5,MIELE
REWE,V01,Commodore,MIELE
REWE,V01,Compact C1 Serie,MIELE
REWE,V01,Compact C2 Allergy EcoLine,MIELE
REWE,V01,Compact C2 Allergy EcoLine Plus,MIELE
REWE,V01,Compact C2 EcoLine,MIELE
REWE,V01,Compact C2 EcoLine Plus,MIELE
REWE,V01,Compact C2 Excellence EcoLine,MIELE
REWE,V01,Compact C2 Parquet EcoLine,MIELE
REWE,V01,Compact C2 Serie,MIELE
REWE,V01,Compact Exclusiv-Edition,MIELE
REWE,V01,Compact Exclusive-Edition,MIELE
REWE,V01,Compact S6,MIELE
REWE,V01,Complete C1 Serie,MIELE
REWE,V01,Complete C1 Serie Tango EcoLine,MIELE
REWE,V01,Complete C1 Twister XL EcoLine,MIELE
REWE,V06,Complete C2 Excellence EcoLine,MIELE
REWE,V06,Complete C2 Serie,MIELE
REWE,V06,Complete C2 Tango EcoLine,MIELE
REWE,V06,Complete C3 Cat & Dog PowerLine,MIELE
REWE,V06,Complete C3 Celebration EcoLine Plus,MIELE
REWE,V06,Complete C3 Comfort EcoLine Plus,MIELE
REWE,V06,Complete C3 Comfort Electro EcoLine,MIELE
REWE,V06,EcoLine Plus,MIELE
REWE,V06,Complete C3 EcoLine,MIELE
REWE,V06,Complete C3 EcoLine Plus,MIELE
REWE,V06,Complete C3 Electro Plus EcoLine,MIELE
REWE,V06,Complete C3 Excellence EcoLine,MIELE
REWE,V06,Complete C3 Excellence Red EcoLine,MIELE
REWE,V06,Complete C3 Excellence White EcoLine,MIELE
REWE,V06,Complete C3 Parquet EcoLine,MIELE
REWE,V06,Complete C3 PowerLine,MIELE
REWE,V06,Complete C3 Serie,MIELE
REWE,V06,Complete C3 Silence EcoLine,MIELE
REWE,V06,Complete C3 Silence EcoLine Plus,MIELE
REWE,V06,Complete C3 Special PowerLine,MIELE
REWE,V06,Complete C3 Total Care EcoLine,MIELE
REWE,V06,Complete C3 Total Care EcoLine Plus,MIELE
REWE,V01,Cosmos,MIELE
REWE,V01,Crystal S 524,MIELE
REWE,V01,Crystal S 712,MIELE
REWE,V06,Crystal S2,MIELE
REWE,V06,Deep Clean,MIELE
REWE,V01,Divani,MIELE
REWE,V01,Divani & Co.,MIELE
REWE,V01,Divani 700 S 712,MIELE
REWE,V01,Divani S 712,MIELE
REWE,V01,Duoflex 2000 S4,MIELE
REWE,V01,Duoflex 4000,MIELE
REWE,V06,Dynamic & Parkett & Hepa,MIELE
REWE,V01,Easystretch S4,MIELE
REWE,V06,Eco Avantage S5,MIELE
REWE,V06,Eco Comfort + SEB 217,MIELE
REWE,V06,Eco Comfort 5000,MIELE
REWE,V06,Eco Comfort Parkett S5,MIELE
REWE,V06,Eco Comfort S2,MIELE
REWE,V06,Eco Comfort S5,MIELE
REWE,V06,Eco Young Vision S5,MIELE
REWE,V01,EcoFox S6,MIELE
REWE,V06,Ecoline Green S5,MIELE
REWE,V01,Ecoline Hepa S4,MIELE
REWE,V06,Ecoline Hepa S5,MIELE
REWE,V01,EcoLine Parkett S4,MIELE
REWE,V06,EcoLine Parkett S5,MIELE
REWE,V06,EcoLine S2,MIELE
REWE,V01,EcoLine S4,MIELE
REWE,V06,EcoLine S5,MIELE
REWE,V01,EcoLine S6,MIELE
REWE,V06,EcoLine S8,MIELE
REWE,V01,EcoLine Silence S6,MIELE
REWE,V06,EcoLine Silence S8,MIELE
REWE,V01,EcoSilence S 6390,MIELE
REWE,V06,EcoSilence S8,MIELE
REWE,V01,Electronic 1400,MIELE
REWE,V01,Electronic 1800,MIELE
REWE,V01,Electronic 2000,MIELE
REWE,V06,"Electronic 2200, 2210, 2300",MIELE
REWE,V01,Electronic 2500,MIELE
REWE,V01,Electronic 2900,MIELE
REWE,V01,Electronic 3000,MIELE
REWE,V01,Electronic 3100,MIELE
REWE,V01,Electronic 3200,MIELE
REWE,V01,Electronic 3300,MIELE
REWE,V01,Electronic 3400,MIELE
REWE,V01,Electronic 3500,MIELE
REWE,V01,Electronic 3600,MIELE
REWE,V01,Electronic 3700,MIELE
REWE,V01,Electronic 3800,MIELE
REWE,V01,Electronic 3850,MIELE
REWE,V01,Electronic 3900,MIELE
REWE,V01,Electronic 4000 EcoLine,MIELE
REWE,V06,Electronic 4100,MIELE
REWE,V01,Electronic 4300,MIELE
REWE,V01,Electronic 4310,MIELE
REWE,V01,Electronic 4320,MIELE
REWE,V01,Electronic 5100,MIELE
REWE,V01,Electronic 5200,MIELE
REWE,V06,Electronic 5500,MIELE
REWE,V01,Electronic 5700,MIELE
REWE,V06,Electronic 6100,MIELE
REWE,V01,Electronic 6200,MIELE
REWE,V01,Electronic 6300,MIELE
REWE,V01,Electronic 700,MIELE
REWE,V01,Electronic 7000,MIELE
REWE,V01,Electronic 7100,MIELE
REWE,V01,Electronic 7700,MIELE
REWE,V06,Electronic 8100,MIELE
REWE,V06,Electronic 8300,MIELE
REWE,V01,Electronic Parkett,MIELE
REWE,V01,Electronic S 7000,MIELE
REWE,V01,Electronic Softtouch,MIELE
REWE,V06,Electronic Turbo,MIELE
REWE,V06,Elite Parquet,MIELE
REWE,V01,Elmatic,MIELE
REWE,V06,Elna Allergy Control,MIELE
REWE,V01,Elna Cat & Dog,MIELE
REWE,V01,Esprit,MIELE
REWE,V06,Euroclassic 2000,MIELE
REWE,V01,Euroclassic 2100,MIELE
REWE,V01,Euroclassic 2200,MIELE
REWE,V01,Euroclassic 3300,MIELE
REWE,V06,Europa,MIELE
REWE,V01,Eurostar,MIELE
REWE,V06,Excel Human,MIELE
REWE,V01,Exclusive,MIELE
REWE,V01,Exklusiv Edition S4,MIELE
REWE,V06,Exklusiv Edition S5,MIELE
REWE,V01,Expert,MIELE
REWE,V01,Expert 1500,MIELE
REWE,V01,Exquisit C,MIELE
REWE,V01,Exquisit GTI,MIELE
REWE,V01,Exquisit M,MIELE
REWE,V06,Exquisit N,MIELE
REWE,V01,Exquisit SE S 250,MIELE
REWE,V06,Exquisit SE S 400,MIELE
REWE,V06,Exquisit XE,MIELE
REWE,V01,Exquisit XS,MIELE
REWE,V06,Extender,MIELE
REWE,V01,Facination S4,MIELE
REWE,V01,Festival,MIELE
REWE,V01,Filtrationguard,MIELE
REWE,V06,Finlandia,MIELE
REWE,V06,Fit for Holiday,MIELE
REWE,V06,Flamenco,MIELE
REWE,V01,Flamenco 2000,MIELE
REWE,V01,Flamenco II,MIELE
REWE,V06,Flexi Vac,MIELE
REWE,V01,Floorcare,MIELE
REWE,V01,Freestyle CH,MIELE
REWE,V06,Freetime Cherry,MIELE
REWE,V06,Freetime Fresh,MIELE
REWE,V06,Freetime Lagoon,MIELE
REWE,V01,Fuchsia,MIELE
REWE,V06,Gala Grande XL S5,MIELE
REWE,V06,Gala S5,MIELE
REWE,V06,Goal,MIELE
REWE,V01,Gold,MIELE
REWE,V01,Gold 2000,MIELE
REWE,V01,Gold Edition S4,MIELE
REWE,V01,Gold Horizon,MIELE
REWE,V01,Gold Limited Edition,MIELE
REWE,V01,Gold Metallic Power,MIELE
REWE,V06,Gold Special,MIELE
REWE,V01,Gr. F/J/M,MIELE
REWE,V06,Gr. G/N,MIELE
REWE,V06,Gr. H,MIELE
REWE,V01,Graphite,MIELE
REWE,V06,Graphite 2100,MIELE
REWE,V01,Graphito,MIELE
REWE,V06,Green Magic,MIELE
REWE,V01,Green Magic 2000,MIELE
REWE,V01,Green Star 1900,MIELE
REWE,V01,Gruenes Kreuz,MIELE
REWE,V01,Hard Floor,MIELE
REWE,V06,Haus & Co. 5000,MIELE
REWE,V01,Haus & Co. 700,MIELE
REWE,V06,Haus & Co. S8,MIELE
REWE,V01,HEPA S 6230,MIELE
REWE,V06,Hepa-Filter,MIELE
REWE,V06,Home Care S5,MIELE
REWE,V06,Home Care S8,MIELE
REWE,V01,Hybrid,MIELE
REWE,V01,Hygienic Power S 718,MIELE
REWE,V01,Indian Summer,MIELE
REWE,V01,Indigo,MIELE
REWE,V01,Indigo S 571,MIELE
REWE,V01,Indigo S 744,MIELE
REWE,V01,Indigo XT Power 2300,MIELE
REWE,V01,Indigo Xtra Power 2100,MIELE
REWE,V01,Jazz,MIELE
REWE,V01,Jazz Plus,MIELE
REWE,V06,Jubilee,MIELE
REWE,V06,Jubileum,MIELE
REWE,V01,Limited Edition,MIELE
REWE,V01,M.A.X.,MIELE
REWE,V01,Magic Blue 700,MIELE
REWE,V01,Magic Mint 700,MIELE
REWE,V01,Mango 1900,MIELE
REWE,V01,Matchwinner,MIELE
REWE,V01,Medicair 4000 Plus,MIELE
REWE,V06,Medicair 5000,MIELE
REWE,V06,Medicair 5000 Plus,MIELE
REWE,V01,Medicair 700,MIELE
REWE,V01,Medicair 700 Plus,MIELE
REWE,V06,Medicair 800,MIELE
REWE,V06,Medicair 800 Plus,MIELE
REWE,V06,Medicair Plus 5000,MIELE
REWE,V01,Medicair Plus CH S 748,MIELE
REWE,V06,Medicair Plus CH S5,MIELE
REWE,V01,Medicair Plus S 700,MIELE
REWE,V06,Medicair Plus S 800,MIELE
REWE,V01,Medicair Plus S4,MIELE
REWE,V01,Medicair Plus S6,MIELE
REWE,V06,Medicair S5,MIELE
REWE,V06,Medicair S8,MIELE
REWE,V01,Medivac S 300,MIELE
REWE,V06,Medivac S 400,MIELE
REWE,V01,Medivac S 518,MIELE
REWE,V01,Mercury,MIELE
REWE,V06,Meteor,MIELE
REWE,V01,Meteor A,MIELE
REWE,V06,Meteor BL,MIELE
REWE,V06,Meteor BXL,MIELE
REWE,V01,Meteor C,MIELE
REWE,V01,Meteor C1,MIELE
REWE,V01,Meteor C2,MIELE
REWE,V01,Meteor C2 S,MIELE
REWE,V01,Meteor G,MIELE
REWE,V01,Meteor GT,MIELE
REWE,V06,Meteor I,MIELE
REWE,V01,Meteor M,MIELE
REWE,V01,Meteor ME,MIELE
REWE,V01,Meteor Plus,MIELE
REWE,V01,Meteor S,MIELE
REWE,V06,Meteor SE,MIELE
REWE,V06,Meteor SL,MIELE
REWE,V06,Meteor XL,MIELE
REWE,V01,Mixtura,MIELE
REWE,V06,Mondia (Boden),MIELE
REWE,V06,Mondia 1500,MIELE
REWE,V01,Mondia C,MIELE
REWE,V06,Mondia D,MIELE
REWE,V01,Mondia JS,MIELE
REWE,V06,Mondia LX,MIELE
REWE,V01,Mondia M,MIELE
REWE,V01,Mondia MX,MIELE
REWE,V06,Mondia N,MIELE
REWE,V01,Mondia RS,MIELE
REWE,V01,Mondia S,MIELE
REWE,V01,Mondia SX,MIELE
REWE,V01,Mondia TS,MIELE
REWE,V01,Monte Verde,MIELE
REWE,V01,Moonlight,MIELE
REWE,V01,Mystic Grey,MIELE
REWE,V01,Naturell,MIELE
REWE,V01,Noblesse,MIELE
REWE,V01,Novostar,MIELE
REWE,V01,Oceanito,MIELE
REWE,V06,Oceo Plus S5,MIELE
REWE,V06,Oeco,MIELE
REWE,V01,Omnia,MIELE
REWE,V01,Omnia Plus,MIELE
REWE,V01,Omnia Silence Plus,MIELE
REWE,V06,Opal,MIELE
REWE,V01,Opera CH,MIELE
REWE,V01,Pacific Power,MIELE
REWE,V01,Parkett & Co. + STB,MIELE
REWE,V01,Parkett & Co. 1800,MIELE
REWE,V01,Parkett & Co. 2000,MIELE
REWE,V01,Parkett & Co. 4000,MIELE
REWE,V01,Parkett & Co. 500,MIELE
REWE,V06,Parkett & Co. 5000,MIELE
REWE,V06,Parkett & Co. 5000 XL,MIELE
REWE,V01,Parkett & Co. 6000,MIELE
REWE,V01,Parkett & Co. 700,MIELE
REWE,V06,Parkett & Co. 800,MIELE
REWE,V06,Parkett & Co. Plus,MIELE
REWE,V01,Parkett & Co. S4,MIELE
REWE,V06,Parkett & Co. S8,MIELE
REWE,V01,Parkett 700,MIELE
REWE,V01,Parkett Hepa,MIELE
REWE,V01,Parkett Plus,MIELE
REWE,V01,Parkett Power,MIELE
REWE,V01,Parkett S 371,MIELE
REWE,V01,Parkett S 381,MIELE
REWE,V01,Parkett S 711,MIELE
REWE,V01,Parkett Team,MIELE
REWE,V06,Parquet & Co. Plus,MIELE
REWE,V01,Parquet 2000,MIELE
REWE,V06,Parquet 2200,MIELE
REWE,V01,Parquet 500,MIELE
REWE,V01,Parquet 700,MIELE
REWE,V06,Parquet 800,MIELE
REWE,V06,Parquet CH,MIELE
REWE,V01,Parquet CH S4,MIELE
REWE,V01,Parquet S 6210,MIELE
REWE,V06,Parquet S 834,MIELE
REWE,V01,Parquet S4,MIELE
REWE,V06,Parquet S5,MIELE
REWE,V01,Parquet Special - S 771,MIELE
REWE,V06,Parquet Special - S8,MIELE
REWE,V06,Parquet XXL,MIELE
REWE,V01,Passion,MIELE
REWE,V01,Pastelito,MIELE
REWE,V01,Pearl Metallic Power,MIELE
REWE,V01,Peppermint,MIELE
REWE,V01,Peppermint Plus,MIELE
REWE,V01,Performance 2100,MIELE
REWE,V01,Performance 2300,MIELE
REWE,V01,Performance 2500,MIELE
REWE,V01,Platinum,MIELE
REWE,V01,Platinum Metallic Power,MIELE
REWE,V01,Platinum Silence,MIELE
REWE,V01,Plus,MIELE
REWE,V01,Power,MIELE
REWE,V01,Power 1400,MIELE
REWE,V01,Power 1500,MIELE
REWE,V01,Power 1600,MIELE
REWE,V01,Power 1800,MIELE
REWE,V01,Power Max,MIELE
REWE,V06,Premio Plus S5,MIELE
REWE,V06,Premio S5,MIELE
REWE,V01,Premium + SEB 236,MIELE
REWE,V06,Premium 5000,MIELE
REWE,V06,Premium 8000,MIELE
REWE,V06,Premium Edition S 5481,MIELE
REWE,V06,Premium Edition S 5781,MIELE
REWE,V01,Premium Edition S 6210,MIELE
REWE,V01,Premium Edition S 6260,MIELE
REWE,V01,Premium Edition S4,MIELE
REWE,V06,Premium Edition S5,MIELE
REWE,V01,Premium S4,MIELE
REWE,V06,Premium S5,MIELE
REWE,V01,Primavera S 712,MIELE
REWE,V01,Primavera S4,MIELE
REWE,V06,Primavera S5,MIELE
REWE,V06,Professionist,MIELE
REWE,V06,Profi,MIELE
REWE,V01,PureAir S6,MIELE
REWE,V06,PureAir S8,MIELE
REWE,V01,Raffinesse,MIELE
REWE,V01,Red Magic,MIELE
REWE,V01,Red Moon,MIELE
REWE,V06,Red Passion CH,MIELE
REWE,V06,Red Pearl,MIELE
REWE,V01,Red Star,MIELE
REWE,V01,Red Velvet,MIELE
REWE,V01,Red Zac,MIELE
REWE,V01,Remote Control Hepa,MIELE
REWE,V06,Revolution,MIELE
REWE,V01,Revolution 2000,MIELE
REWE,V01,Revolution 500,MIELE
REWE,V06,Revolution 5000,MIELE
REWE,V06,Revolution 600,MIELE
REWE,V01,Revolution 700,MIELE
REWE,V06,Revolution Power Plus 5000,MIELE
REWE,V06,Revolution Power Plus S5,MIELE
REWE,V01,Rosito,MIELE
REWE,V06,Rosso CH,MIELE
REWE,V01,Royal Blue,MIELE
REWE,V01,Rubin,MIELE
REWE,V01,Rubin 1400l,MIELE
REWE,V01,Ruby,MIELE
REWE,V06,S 2000... S 2999,MIELE
REWE,V06,S 227 i... S 240 i,MIELE
REWE,V06,S 230,MIELE
REWE,V01,S 241 i... S 256 i,MIELE
REWE,V06,S 269 i... S 282 i,MIELE
REWE,V01,S 290... S 299 Serie,MIELE
REWE,V01,S 300 i... S 399 i Serie,MIELE
REWE,V06,S 400 i... S 499 i Serie,MIELE
REWE,V01,S 4000... S 4999 Serie,MIELE
REWE,V01,S 500... S 599 Serie,MIELE
REWE,V06,S 5000... S 5999 Serie,MIELE
REWE,V06,S 600… 699 Serie,MIELE
REWE,V01,S 6000… 6999 Serie,MIELE
REWE,V01,S 700... S 799 Serie,MIELE
REWE,V06,S 800... S 899 Serie,MIELE
REWE,V06,S 8000... 8999 Serie,MIELE
REWE,V01,S2 - S 2000... 2999 Serie,MIELE
REWE,V06,S4 Fascination,MIELE
REWE,V01,Salsa,MIELE
REWE,V06,Samba S 270,MIELE
REWE,V01,Samba S 300,MIELE
REWE,V06,Saphir,MIELE
REWE,V06,Sapphire,MIELE
REWE,V06,Select Cat & Dog,MIELE
REWE,V06,Select Clean Parquet,MIELE
REWE,V06,Select Comfort,MIELE
REWE,V06,Select Parquet,MIELE
REWE,V01,Senator (Boden),MIELE
REWE,V01,Senator 1400 C Special,MIELE
REWE,V01,Senator 1500 C,MIELE
REWE,V01,Senator 1600 CL,MIELE
REWE,V01,Senator 1600 SL,MIELE
REWE,V01,Senator CL,MIELE
REWE,V01,Senator CS,MIELE
REWE,V06,Senator GL,MIELE
REWE,V06,Senator GL Automatic,MIELE
REWE,V06,Senator LX,MIELE
REWE,V06,Senator Parquet,MIELE
REWE,V06,Senator Plus,MIELE
REWE,V06,Senator S,MIELE
REWE,V06,Senator SE,MIELE
REWE,V01,Senator SL,MIELE
REWE,V01,Seventy-Five,MIELE
REWE,V01,Siena,MIELE
REWE,V06,Silence Plus S8,MIELE
REWE,V06,Silent,MIELE
REWE,V01,Silent & Compact 6000,MIELE
REWE,V01,Silver,MIELE
REWE,V01,Silver Bird CH,MIELE
REWE,V01,Silver Magic,MIELE
REWE,V01,Silver Moon,MIELE
REWE,V01,Silver Power,MIELE
REWE,V01,Silver Shadow,MIELE
REWE,V06,Silverstar S 280,MIELE
REWE,V01,Silverstar S 300,MIELE
REWE,V06,Silverstar S 400,MIELE
REWE,V01,Sinna,MIELE
REWE,V01,Smaragd,MIELE
REWE,V01,Smaragd Plus,MIELE
REWE,V01,Soft Blue 700,MIELE
REWE,V01,Soft Green 700,MIELE
REWE,V01,Soft Red,MIELE
REWE,V01,Soft Red 2300,MIELE
REWE,V06,Soft Satin S846,MIELE
REWE,V06,Soft Silver,MIELE
REWE,V01,Soft Silver 700,MIELE
REWE,V01,Solaris,MIELE
REWE,V01,Solaris Electro Plus,MIELE
REWE,V01,Solaris Turbo Plus,MIELE
REWE,V01,Solution,MIELE
REWE,V01,Solution 2000,MIELE
REWE,V01,Solution 500,MIELE
REWE,V06,Solution Hepa 5000,MIELE
REWE,V06,Solution Hepa 5281,MIELE
REWE,V01,Solution Hepa 700,MIELE
REWE,V01,Solution Hepa S 388,MIELE
REWE,V01,Solution Hepa TT 2000,MIELE
REWE,V06,Solution Plus,MIELE
REWE,V01,Sonata,MIELE
REWE,V06,Special S 5781,MIELE
REWE,V01,Special S4,MIELE
REWE,V06,Special S5,MIELE
REWE,V06,Special S8,MIELE
REWE,V06,Special Turbo,MIELE
REWE,V06,Standard,MIELE
REWE,V01,Starlight S 712,MIELE
REWE,V01,Steel Design,MIELE
REWE,V01,Summertime,MIELE
REWE,V01,Sunflower (3 R.),MIELE
REWE,V06,Sunflower (4 R.),MIELE
REWE,V01,Sunshine,MIELE
REWE,V01,Superior 1400,MIELE
REWE,V01,Superior 1450,MIELE
REWE,V01,Superior 1500,MIELE
REWE,V01,Superior 1550,MIELE
REWE,V01,Superior 1600,MIELE
REWE,V06,Superior 5000,MIELE
REWE,V01,Tango,MIELE
REWE,V01,Tango Black Edition S 381,MIELE
REWE,V01,Tango Plus,MIELE
REWE,V01,Tango Premium-Edition,MIELE
REWE,V01,Teallite Blue,MIELE
REWE,V01,Team Spirit,MIELE
REWE,V01,The Solution 500,MIELE
REWE,V01,Timber Parquet,MIELE
REWE,V01,Titanium,MIELE
REWE,V01,Top Model,MIELE
REWE,V01,Topas,MIELE
REWE,V01,Topas Plus,MIELE
REWE,V01,Torino,MIELE
REWE,V01,Total Care,MIELE
REWE,V01,Total Care 2000,MIELE
REWE,V06,Total Care 5000,MIELE
REWE,V01,Tropic,MIELE
REWE,V01,Turbo Plus,MIELE
REWE,V01,Turbo Power 2300,MIELE
REWE,V01,Turbo Power 2500,MIELE
REWE,V01,Turbo S4,MIELE
REWE,V01,Turbo Star 300,MIELE
REWE,V01,Turbo Team,MIELE
REWE,V01,Turbo Team 2000,MIELE
REWE,V01,Turbo Team 300,MIELE
REWE,V01,Turbo Team 700,MIELE
REWE,V01,Turbo Team Plus,MIELE
REWE,V01,Twister,MIELE
REWE,V06,UniQ S8,MIELE
REWE,V01,Vanilla Power,MIELE
REWE,V01,Venezia,MIELE
REWE,V06,Vital Lagoon,MIELE
REWE,V06,Vital Silver,MIELE
REWE,V06,Vital Sun,MIELE
REWE,V06,Vital Tropic,MIELE
REWE,V06,Vitality Clean Comfort S5,MIELE
REWE,V06,Vitality S5,MIELE
REWE,V06,Weltstar 1100,MIELE
REWE,V06,Weltstar 1200,MIELE
REWE,V01,Weltstar 1400,MIELE
REWE,V01,Weltstar 2100,MIELE
REWE,V01,Weltstar Rubin 1400,MIELE
REWE,V06,White pearl,MIELE
REWE,V01,White Pearl 300,MIELE
REWE,V06,White Pearl XXL,MIELE
REWE,V01,White Star,MIELE
REWE,V06,Wildrose,MIELE
REWE,V01,XS Corail,MIELE
REWE,V01,XS Parkett,MIELE
REWE,V01,XS Topaze,MIELE
REWE,V01,Xtra Care,MIELE
REWE,V01,Xtra Power 2100,MIELE
REWE,V06,Xtra Power 2100 XL,MIELE
REWE,V01,Xtra Power 2300,MIELE
REWE,V01,Xtra Power 2500,MIELE
REWE,V06,Xtra Power 5000,MIELE
REWE,V06,Xtra Power XL,MIELE
REWE,V06,XXL 2000,MIELE
REWE,V06,XXL Care Hepa,MIELE
REWE,V06,XXL S 812,MIELE
REWE,V01,Yellow 500,MIELE
REWE,V01,Yellow Star,MIELE
REWE,V01,Young Style S4 CH,MIELE
REWE,V06,Young Style S5 CH,MIELE
REWE,V06,Young Vision S5 Ecoline,MIELE
REWE,V04,4600,MIELE
REWE,V04,4700,MIELE
REWE,V04,4800,MIELE
REWE,V04,4810,MIELE
REWE,V04,4900,MIELE
REWE,V04,7800… 7801,MIELE
REWE,V04,7901,MIELE
REWE,V04,8700,MIELE
REWE,V04,8900,MIELE
REWE,V04,8910,MIELE
REWE,V05,Amigo,MIELE
REWE,V05,Blue,MIELE
REWE,V05,Chetah,MIELE
REWE,V03,HN 2000 Bunny,MIELE
REWE,V04,HN 6500,MIELE
REWE,V04,HN 6900,MIELE
REWE,V04,HN 7500,MIELE
REWE,V05,Nuba,MIELE
REWE,V05,Ocean,MIELE
REWE,V05,Starfish,MIELE
REWE,V05,V 750,MIELE
REWE,V04,VAC 100,MIELE
REWE,V04,VAC 200,MIELE
REWE,V04,VAC 3000 Eco,MIELE
REWE,V03,VAC 3600,MIELE
REWE,V04,VAC 7600,MIELE
REWE,V04,VAC 7700,MIELE
REWE,V04,VAC 8800,MIELE
REWE,V04,VAC White,MIELE
REWE,V05,White Elephant,MIELE
REWE,V05,Compact 1200,MISTRAL
REWE,V05,Cyclone 1350 B,MISTRAL
REWE,V05,"BSS 1600, 2014",MPM
REWE,V05,V 8505,MPM
REWE,V05,VH 4601E - Focus,MPM
REWE,V05,BSS 1600,MPM
REWE,V05,BSS 2014,MPM
REWE,V05,VC 103137.4,MPM
REWE,V05,VC 103919.4,MPM
REWE,V05,VC 1514,NIKKO
REWE,V05,"A100, 200",NILFISK
REWE,V05,Action Plus…,NILFISK
REWE,V05,"Aktion…, Astral…, Bravo…",NILFISK
REWE,V05,C 10 Compact,NILFISK
REWE,V05,"C 110, 118, 120",NILFISK
REWE,V05,"C 15, 18, 20",NILFISK
REWE,V05,"C 210, 218, 220, 230",NILFISK
REWE,V05,COUPÉ …,NILFISK
REWE,V05,"Force 60, 66",NILFISK
REWE,V05,GM 100 Sprint Plus,NILFISK
REWE,V05,GM 160 Astral,NILFISK
REWE,V05,GM 170 Astral,NILFISK
REWE,V05,"GM 60, 62, 64 ,65",NILFISK
REWE,V05,GO …,NILFISK
REWE,V05,KST 1000,NOVAMATIC
REWE,V05,KST 615 E,NOVAMATIC
REWE,V05,STS 716 E,NOVAMATIC
REWE,V05,STS 718 Prince,NOVAMATIC
REWE,V05,STS 725 E,NOVAMATIC
REWE,V05,Harry - Serie,NUMATIC
REWE,V05,Henry - Serie,NUMATIC
REWE,V05,Hetty - Serie,NUMATIC
REWE,V05,James - Serie,NUMATIC
REWE,V05,NVH180-1,NUMATIC
REWE,V05,7215,NUMATIC
REWE,V05,7274,NUMATIC
REWE,V05,7290,NUMATIC
REWE,V05,7515,NUMATIC
REWE,V05,"7200, 7205",NUMATIC
REWE,V05,"7208, 7209",NUMATIC
REWE,V05,"7210, 7230, 7240",NUMATIC
REWE,V05,"7246, 7248",NUMATIC
REWE,V05,"7252, 7256, 7257",NUMATIC
REWE,V05,OVC 205,NUMATIC
REWE,V05,Beryll 2000,OMEGA
REWE,V05,Beryll 2000 plus,OMEGA
REWE,V05,BSS 19,OMEGA
REWE,V05,BSS 21,OMEGA
REWE,V05,BSS 23,OMEGA
REWE,V05,BSS 24,OMEGA
REWE,V05,BSS 25,OMEGA
REWE,V05,BSS 26,OMEGA
REWE,V05,Classic… - Serie,OMEGA
REWE,V05,Compact BSS 1600 E,OMEGA
REWE,V05,Compact BSS 1800 E,OMEGA
REWE,V05,Manoa electronic,OMEGA
REWE,V05,Opal… - Serie,OMEGA
REWE,V05,Practic… - Serie,OMEGA
REWE,V05,Rubin… - Serie,OMEGA
REWE,V05,Topas… - Serie,OMEGA
REWE,V05,Vision… - Serie,OMEGA
REWE,V04,Animal Care - Specialist,PHILIPS
REWE,V04,Barcelone - City Line,PHILIPS
REWE,V04,Berlin City Line,PHILIPS
REWE,V04,Carpet - Serie Specialist,PHILIPS
REWE,V04,Chicago - City Line,PHILIPS
REWE,V04,City Line…,PHILIPS
REWE,V04,Control - Specialist,PHILIPS
REWE,V05,Economy,PHILIPS
REWE,V04,FC 8020 green,PHILIPS
REWE,V04,FC 8021/…,PHILIPS
REWE,V04,FC 8022/…,PHILIPS
REWE,V04,FC 8023/...,PHILIPS
REWE,V04,FC 8027/...,PHILIPS
REWE,V04,FC 8130... 8139 Easy Life,PHILIPS
REWE,V04,FC 8200... 8219 Gemini,PHILIPS
REWE,V04,FC 8220... 8239 Smallstar,PHILIPS
REWE,V05,FC 8291 CompactGo,PHILIPS
REWE,V04,FC 8320... 8326 PowerLife,PHILIPS
REWE,V04,FC 8370… 8379 Performer Compact,PHILIPS
REWE,V04,FC 8380... 8399 Impact,PHILIPS
REWE,V04,FC 8400... FC 8499 City Line,PHILIPS
REWE,V04,FC 8450... 8459 Powerlife,PHILIPS
REWE,V04,FC 8520... 8526 Performer Active,PHILIPS
REWE,V04,FC 8600... 8649 Expression,PHILIPS
REWE,V04,FC 8650... 8660 Performer Active,PHILIPS
REWE,V04,FC 8720... 8728 Performer Expert,PHILIPS
REWE,V04,FC 8910... 8919 Home hero,PHILIPS
REWE,V04,FC 9000... 9049 Universe,PHILIPS
REWE,V04,FC 9050... 9079 Jewel,PHILIPS
REWE,V04,FC 9080... 9099 Studio Power,PHILIPS
REWE,V04,FC 9100... 9149 Specialist,PHILIPS
REWE,V04,FC 9150... 9179 Performer,PHILIPS
REWE,V04,FC 9180... 9197 Performer Pro,PHILIPS
REWE,V04,FC 9300... 9312 Silence Star,PHILIPS
REWE,V04,Fuchsia,PHILIPS
REWE,V05,Geneva (Beutel),PHILIPS
REWE,V04,Geneva City Line,PHILIPS
REWE,V05,HR 6325... 6339 Serie,PHILIPS
REWE,V05,HR 6995,PHILIPS
REWE,V04,HR 6999,PHILIPS
REWE,V04,HR 8300...  8349 Expression,PHILIPS
REWE,V04,HR 8350... 8367 Impact,PHILIPS
REWE,V04,HR 8368... 8378 City Line,PHILIPS
REWE,V04,HR 8500... 8599 Impact,PHILIPS
REWE,V04,HR 8500... 8599 MobiloPlus,PHILIPS
REWE,V04,Hygiene Specialist,PHILIPS
REWE,V04,Impact Excel,PHILIPS
REWE,V04,Melbourne - City Line,PHILIPS
REWE,V04,Miami - City Line,PHILIPS
REWE,V04,Milano - City Line,PHILIPS
REWE,V04,New York- City Line,PHILIPS
REWE,V04,Oslo - City Line,PHILIPS
REWE,V04,Paris - City Line,PHILIPS
REWE,V04,Reach & Clean Specialist,PHILIPS
REWE,V04,Rio - City Line,PHILIPS
REWE,V04,Roma - City Line,PHILIPS
REWE,V04,S-bag,PHILIPS
REWE,V04,Singapur - City Line,PHILIPS
REWE,V04,Sydney - City Line,PHILIPS
REWE,V04,Sydney (Beutel),PHILIPS
REWE,V04,Tokyo - City Line,PHILIPS
REWE,V04,Transparent Bonny Blue,PHILIPS
REWE,V04,Wild Lime,PHILIPS
REWE,V05,VC 4820,PHOENIX
REWE,V05,VC 6920,PHOENIX
REWE,V05,"VC 1401, 1403",POLAR
REWE,V05,VC 1701,POLAR
REWE,V05,PVC 1409,POLARIS
REWE,V05,PVC 1602,POLARIS
REWE,V05,CM-881-J,KING
REWE,V05,BS 1600,PRIMERA
REWE,V05,EVC 011,PRIMERA
REWE,V05,EVC 097,PRIMERA
REWE,V05,EVC 106,PRIMERA
REWE,V05,EVC 133,PRIMERA
REWE,V05,EVC 189,PRIMERA
REWE,V05,KS 2006,PRIMERA
REWE,V05,Primo VC 3,PRIMERA
REWE,V05,VC-11,PRIMO
REWE,V05,VC-13,PRIMO
REWE,V05,VC-3,PRIMO
REWE,V05,Big Style Silver,PRIMOTECQ
REWE,V05,HEPA 2000 W,PRIMOTECQ
REWE,V05,KST 640,PRIMOTECQ
REWE,V05,Black Panther 332826,PRINCESS
REWE,V05,Red Fox 332825,PRINCESS
REWE,V05,040 549,IVILE
REWE,V02,063 872,IVILE
REWE,V02,065 095,IVILE
REWE,V02,065 651,IVILE
REWE,V02,065 812,IVILE
REWE,V02,065 992,IVILE
REWE,V02,066 952,IVILE
REWE,V02,066 992,IVILE
REWE,V02,068 975,IVILE
REWE,V02,068 977,IVILE
REWE,V02,069 581,IVILE
REWE,V02,069 581,IVILE
REWE,V02,069 880,IVILE
REWE,V03,084 972,IVILE
REWE,V05,099 493,IVILE
REWE,V02,100 983,IVILE
REWE,V02,101 144,IVILE
REWE,V04,101 313,IVILE
REWE,V04,101 352,IVILE
REWE,V03,101 393,IVILE
REWE,V02,102 121,IVILE
REWE,V02,102 710,IVILE
REWE,V02,102 722,IVILE
REWE,V02,102 792,IVILE
REWE,V03,102 793,IVILE
REWE,V03,102 974,IVILE
REWE,V02,103 042,IVILE
REWE,V04,104 396,IVILE
REWE,V03,104 432,IVILE
REWE,V03,104 462,IVILE
REWE,V03,104 480,IVILE
REWE,V03,106 552,IVILE
REWE,V02,106 722,IVILE
REWE,V03,106 724,IVILE
REWE,V02,106 824,IVILE
REWE,V03,107 023,IVILE
REWE,V05,110 047,IVILE
REWE,V02,119 973,IVILE
REWE,V05,140 391,IVILE
REWE,V04,158 096,IVILE
REWE,V03,163 221,IVILE
REWE,V04,186 521,IVILE
REWE,V02,191 221,IVILE
REWE,V02,191 830,IVILE
REWE,V03,195 159,IVILE
REWE,V05,201 156,IVILE
REWE,V05,214 853,IVILE
REWE,V05,220 730,IVILE
REWE,V03,224 974,IVILE
REWE,V02,246 061,IVILE
REWE,V04,258 921,IVILE
REWE,V05,262 338,IVILE
REWE,V05,282 913,IVILE
REWE,V05,285 913,IVILE
REWE,V02,302 114,IVILE
REWE,V03,304 782,IVILE
REWE,V05,326 067,IVILE
REWE,V05,331 099,IVILE
REWE,V02,337 651,IVILE
REWE,V02,350 294,IVILE
REWE,V04,356 887,IVILE
REWE,V03,372 518,IVILE
REWE,V02,381 291,IVILE
REWE,V05,384 092,IVILE
REWE,V05,384 127,IVILE
REWE,V05,392 610,IVILE
REWE,V03,403 970,IVILE
REWE,V05,412 727,IVILE
REWE,V02,414 004,IVILE
REWE,V05,437 399,IVILE
REWE,V04,437 841,IVILE
REWE,V05,457 164,IVILE
REWE,V02,476 308,IVILE
REWE,V04,479 940,IVILE
REWE,V04,516 341,IVILE
REWE,V02,517 649,IVILE
REWE,V05,522 297,IVILE
REWE,V02,545 961,IVILE
REWE,V05,550 044,IVILE
REWE,V05,551 958,IVILE
REWE,V03,552 053,IVILE
REWE,V05,565 935,IVILE
REWE,V05,581 936,IVILE
REWE,V05,590 748,IVILE
REWE,V03,595 096,IVILE
REWE,V05,601 779,IVILE
REWE,V02,612 357,IVILE
REWE,V05,613 386,IVILE
REWE,V05,627 375,IVILE
REWE,V03,635 420,IVILE
REWE,V05,654 686,IVILE
REWE,V04,661 349,IVILE
REWE,V03,662 035,IVILE
REWE,V02,679 045,IVILE
REWE,V02,693 628,IVILE
REWE,V05,697 574,IVILE
REWE,V05,702 496,IVILE
REWE,V05,702 562,IVILE
REWE,V05,703 198,IVILE
REWE,V05,722 572,IVILE
REWE,V05,732 278,IVILE
REWE,V05,764 258,IVILE
REWE,V05,814 833,IVILE
REWE,V03,851 391,IVILE
REWE,V05,852 986,IVILE
REWE,V05,883 857,IVILE
REWE,V05,886 226,IVILE
REWE,V05,886 409,IVILE
REWE,V05,889 909,IVILE
REWE,V03,911 758,IVILE
REWE,V05,920 616,IVILE
REWE,V02,929 661,IVILE
REWE,V05,963 045,IVILE
REWE,V05,963 062,IVILE
REWE,V05,969 355,IVILE
REWE,V04,989 443,IVILE
REWE,V05,991 405,IVILE
REWE,V05,Supreme 2400,IVILE
REWE,V05,VC-H5012-ES13,IVILE
REWE,V05,NK 101A,IVILE
REWE,V02,VS5PT02… 08 Serie,PROFILO
REWE,V02,VS5PT15,PROFILO
REWE,V03,Azzuro,PROGRESS
REWE,V04,Bolido 1500,PROGRESS
REWE,V04,Bolido 4595,PROGRESS
REWE,V03,Calypso 1400,PROGRESS
REWE,V03,D 10 - Diamant,PROGRESS
REWE,V03,D 110… 112 - Diamant,PROGRESS
REWE,V03,D 12 - Diamant,PROGRESS
REWE,V03,D 1400 - Diamant,PROGRESS
REWE,V03,D 200... 299 - Diamant,PROGRESS
REWE,V03,D 400 - Diamant,PROGRESS
REWE,V03,D 410 - Diamant,PROGRESS
REWE,V03,D 500 - Diamant,PROGRESS
REWE,V03,D 610 - Diamant,PROGRESS
REWE,V03,D 710 - Diamant,PROGRESS
REWE,V03,D 75 - Diamant,PROGRESS
REWE,V03,D 800 - Diamant,PROGRESS
REWE,V03,D 812 - Diamant,PROGRESS
REWE,V03,D 850 - Diamant,PROGRESS
REWE,V03,M 300… 399 - Diamant,PROGRESS
REWE,V03,Maximus 2002,PROGRESS
REWE,V03,Maximus 2200,PROGRESS
REWE,V03,Maximus 2300,PROGRESS
REWE,V03,Maximus 2305,PROGRESS
REWE,V03,Onyx 120... 125 Serie,PROGRESS
REWE,V03,"Onyx 132, 135, 137, 139",PROGRESS
REWE,V03,"Onyx 140, 141, 145",PROGRESS
REWE,V03,"Onyx 150, 155",PROGRESS
REWE,V03,"Onyx 160, 166",PROGRESS
REWE,V03,P 118A,PROGRESS
REWE,V03,P 130,PROGRESS
REWE,V03,P 58,PROGRESS
REWE,V03,P 60,PROGRESS
REWE,V03,PA 5190,PROGRESS
REWE,V03,PA 5200,PROGRESS
REWE,V03,PA 5205,PROGRESS
REWE,V03,PA 8170,PROGRESS
REWE,V03,PA 8180,PROGRESS
REWE,V03,PA 8190,PROGRESS
REWE,V05,PC 22 CUP,PROGRESS
REWE,V05,PC 22 LB,PROGRESS
REWE,V05,PC 2200... 2299 Serie,PROGRESS
REWE,V05,PC 2300... 2399 Serie,PROGRESS
REWE,V05,PC 2400… 2499 Serie,PROGRESS
REWE,V05,PC 3100... 3299 Serie,PROGRESS
REWE,V05,PC 3400... 3499 Serie,PROGRESS
REWE,V05,PC 3700... 3799 Serie,PROGRESS
REWE,V05,PC 3801,PROGRESS
REWE,V05,PC 3802,PROGRESS
REWE,V05,PC 3900... 3999 Serie,PROGRESS
REWE,V05,PC 4100... 4199 Serie,PROGRESS
REWE,V05,PC 4200... 4299 Serie,PROGRESS
REWE,V05,PC 4400... 4499 Serie,PROGRESS
REWE,V03,PC 4500... 4599 Serie,PROGRESS
REWE,V04,PC 4600... 4699 Serie,PROGRESS
REWE,V03,PC 6000... 6099 - Salomon,PROGRESS
REWE,V03,PC 6110,PROGRESS
REWE,V03,PC 6310,PROGRESS
REWE,V05,JC 861 E,PROPHETE
REWE,V02,VS PR 5018,PROTOS
REWE,V02,VS PR 5081,PROTOS
REWE,V02,VSB 6....,PROTOS
REWE,V05,5390,QUIGG
REWE,V05,BS 1400.05,QUIGG
REWE,V05,BS 1600 Turbo,QUIGG
REWE,V05,BS 1601 Turbo,QUIGG
REWE,V05,RV 305,REDMOND
REWE,V05,R 194 Dual,ROHNSON
REWE,V05,R 198 Twin,ROHNSON
REWE,V05,T 2144,ROLSEN
REWE,V05,Marin 2000,ROTEL
REWE,V05,Spirossa 2000,ROTEL
REWE,V05,"U 61.0, 61.3, 62.31",ROTEL
REWE,V05,U 61.7,ROTEL
REWE,V05,"U 62.4, 63.11",ROTEL
REWE,V05,U 64.1 Swing,ROTEL
REWE,V05,U 65.08 Magnat,ROTEL
REWE,V05,U 65.21,ROTEL
REWE,V05,Caddy STC-1800,SALCO
REWE,V05,STC-1 Caddy,SALCO
REWE,V05,STC-150,SALCO
REWE,V05,STC-1800 (ohne Korb),SALCO
REWE,V05,STC-2000,SALCO
REWE,V05,STC-2200,SALCO
REWE,V05,STC-2206,SALCO
REWE,V05,STE-2 Caddy,SALCO
REWE,V05,VCS-1800,SALCO
REWE,V05,ZW 100-40 A Caddy,SALCO
REWE,V05,ZW 100-40 Caddy,SALCO
REWE,V05,SC 1200 (>B),SAMSUNG
REWE,V05,SC 1400 (>B),SAMSUNG
REWE,V05,SC 20F30… Serie,SAMSUNG
REWE,V05,SC 21F60… Serie,SAMSUNG
REWE,V05,SC 4000... 4099 Serie,SAMSUNG
REWE,V05,SC 4100... SC 4199 Serie,SAMSUNG
REWE,V05,SC 5100... 5199 Serie,SAMSUNG
REWE,V05,SC 5200... 5299 Serie (>A),SAMSUNG
REWE,V05,SC 5300... 5399 Serie,SAMSUNG
REWE,V05,SC 5400... 5499 Serie (>A),SAMSUNG
REWE,V05,SC 5500... 5599 Serie,SAMSUNG
REWE,V05,SC 5600... 5699 Serie (>B),SAMSUNG
REWE,V05,SC 5800... 5899 Serie,SAMSUNG
REWE,V05,SC 5900... 5999 Serie,SAMSUNG
REWE,V05,SC 6000... 6099 Serie,SAMSUNG
REWE,V05,"SC 61…, ECO Serie",SAMSUNG
REWE,V05,SC 6100... 6199 Serie,SAMSUNG
REWE,V05,SC 6200... 6299 Serie (>B),SAMSUNG
REWE,V05,SC 6300... 6399 Serie (>B),SAMSUNG
REWE,V05,SC 6400... 6499 Serie,SAMSUNG
REWE,V05,SC 6800... 6899 Serie,SAMSUNG
REWE,V05,SC 7000... 7099 Serie,SAMSUNG
REWE,V05,SC 7100... 7199 Serie,SAMSUNG
REWE,V05,SC 7200... 7299 Serie,SAMSUNG
REWE,V05,SC 7400... 7499 Serie (>A),SAMSUNG
REWE,V05,SC 7500... 7599 Serie,SAMSUNG
REWE,V05,SC 7600... 7699 Serie,SAMSUNG
REWE,V05,SC 7700... 7799 Serie,SAMSUNG
REWE,V05,SC 7800... 7899 Serie,SAMSUNG
REWE,V05,SC 7900... 7999 Serie,SAMSUNG
REWE,V05,SC 8200... 8299 Serie,SAMSUNG
REWE,V05,SC 8300... 8399 Serie,SAMSUNG
REWE,V05,SC 8600... 8699 Serie,SAMSUNG
REWE,V05,SC 8800... 8899 Serie,SAMSUNG
REWE,V05,SC 8900... 8999 Serie,SAMSUNG
REWE,V05,SC 9300... 9399 Serie,SAMSUNG
REWE,V05,Stardust,SAMSUNG
REWE,V05,Stardust Classic,SAMSUNG
REWE,V05,Stardust Modern,SAMSUNG
REWE,V05,Supero,SAMSUNG
REWE,V05,VC 07F30… Serie,SAMSUNG
REWE,V05,VC 08QHNJG… Serie,SAMSUNG
REWE,V05,VC 08RVNJG… Serie,SAMSUNG
REWE,V05,VC 08SRVNJG… Serie,SAMSUNG
REWE,V05,VC 08TRVNJG… Serie,SAMSUNG
REWE,V05,VC 1000 E,SAMSUNG
REWE,V05,VC 120 H,SAMSUNG
REWE,V05,VC 15F30… Serie,SAMSUNG
REWE,V05,VC 15QHNJGGT/EH,SAMSUNG
REWE,V05,VC 15RH… Serie,SAMSUNG
REWE,V05,VC 15RV… Serie,SAMSUNG
REWE,V05,VC 20F30… Serie,SAMSUNG
REWE,V05,VC 21F60… Serie,SAMSUNG
REWE,V05,VC 30F30… Serie,SAMSUNG
REWE,V05,VC 52E5V… Serie,SAMSUNG
REWE,V05,VC 54E… Serie,SAMSUNG
REWE,V05,VC 61E… Serie,SAMSUNG
REWE,V05,VC 6713…6714,SAMSUNG
REWE,V05,VC 900 E,SAMSUNG
REWE,V05,VC JG24… Serie,SAMSUNG
REWE,V05,VC24… Serie,SAMSUNG
REWE,V05,VCC 63…,SAMSUNG
REWE,V05,Veloce-Eco,SAMSUNG
REWE,V05,VP-50,SAMSUNG
REWE,V05,VP-77,SAMSUNG
REWE,V05,VP-78M,SAMSUNG
REWE,V05,VP-78M Type A,SAMSUNG
REWE,V05,VP-90,SAMSUNG
REWE,V05,SC 91,SANYO
REWE,V05,SC 92,SANYO
REWE,V05,SCT 93,SANYO
REWE,V05,Aspira classic 1800,SATRAP
REWE,V05,aspira futur 2000,SATRAP
REWE,V05,ST 1283 Irida,SATURN
REWE,V05,VC 1410,SATURN
REWE,V05,1082,SCARLETT
REWE,V05,SC 088,SCARLETT
REWE,V05,SL 006,ORENZ
REWE,V05,VC 8256,ORENZ
REWE,V05,VC 8263,ORENZ
REWE,V05,SVC 400,SENCOR
REWE,V05,SVC 820 /BK,SENCOR
REWE,V05,SVC 900,SENCOR
REWE,V05,VC 1500,SERD
REWE,V05,BC 7045,SEVERIN
REWE,V05,BC 7046,SEVERIN
REWE,V05,BC 7055,SEVERIN
REWE,V05,BC 7058,SEVERIN
REWE,V05,BR 7925,SEVERIN
REWE,V05,BR 7926 (bis 2006),SEVERIN
REWE,V05,BR 7928,SEVERIN
REWE,V05,BR 7929,SEVERIN
REWE,V05,BR 7932 (ab 2006),SEVERIN
REWE,V02,BR 7932 (bis 2005),SEVERIN
REWE,V02,BR 7934,SEVERIN
REWE,V05,BR 7935,SEVERIN
REWE,V02,BR 7936,SEVERIN
REWE,V02,BR 7937,SEVERIN
REWE,V05,BR 7941… 7944 Serie,SEVERIN
REWE,V05,BR 7945,SEVERIN
REWE,V05,BR 7948,SEVERIN
REWE,V05,BR 7952,SEVERIN
REWE,V05,"BR 7953, 7954 (max.4l)",SEVERIN
REWE,V05,"BR 7953, 7954 (max.5l)",SEVERIN
REWE,V05,BR 7956,SEVERIN
REWE,V05,BR 7957,SEVERIN
REWE,V05,BR 7960… 7962 Serie,SEVERIN
REWE,V05,BR 800,SEVERIN
REWE,V05,BR 9026,SEVERIN
REWE,V05,BR 9663,SEVERIN
REWE,V05,BR 9664,SEVERIN
REWE,V05,BR 9680,SEVERIN
REWE,V05,BR 9694,SEVERIN
REWE,V05,SB 9017,SEVERIN
REWE,V05,SB 9023,SEVERIN
REWE,V05,SB 9026,SEVERIN
REWE,V02,SB 9028,SEVERIN
REWE,V05,SB 9095,SEVERIN
REWE,V05,S‘Power - 41586,SEVERIN
REWE,V02,"Typ D,E,F",SIEMENS
REWE,V02,Typ G,SIEMENS
REWE,V02,Typ H,SIEMENS
REWE,V02,VS 04G... Rapid,SIEMENS
REWE,V02,VS 05G... Synchropower,SIEMENS
REWE,V02,VS 06… Serie,SIEMENS
REWE,V02,VS 06B… Serie,SIEMENS
REWE,V02,VS 06G... Green Power Techn.,SIEMENS
REWE,V02,VS 06G… Synchropower,SIEMENS
REWE,V02,VS 07G… Green Power,SIEMENS
REWE,V02,VS 07G… Hygienic Power,SIEMENS
REWE,V02,VS 07G… Technopower,SIEMENS
REWE,V02,VS 10000... 10999 Super,SIEMENS
REWE,V02,VS 32A00... 33A99 Super E,SIEMENS
REWE,V02,VS 32B00... 33B99 Super E,SIEMENS
REWE,V02,VS 33,SIEMENS
REWE,V02,VS 42A00... 44A99 Super S,SIEMENS
REWE,V02,VS 42B00... 44B99 Super S,SIEMENS
REWE,V02,VS 44,SIEMENS
REWE,V02,VS 5 A 1000... 9999,SIEMENS
REWE,V02,VS 5 C…,SIEMENS
REWE,V02,VS 5 E 1000... 9999,SIEMENS
REWE,V02,VS 5 E 2000... 2999,SIEMENS
REWE,V02,VS 5 KA  00 - dino,SIEMENS
REWE,V02,VS 50000... 59999 Super,SIEMENS
REWE,V02,VS 50A00... VS 59A99 dino,SIEMENS
REWE,V02,VS 50B00... 59B99 dino,SIEMENS
REWE,V02,VS 50C00... 59C99 dino,SIEMENS
REWE,V02,VS 50D00... 59D99 dino,SIEMENS
REWE,V02,VS 50E00... VS 59E99,SIEMENS
REWE,V02,VS 60A00... 62A99,SIEMENS
REWE,V02,VS 63A00,SIEMENS
REWE,V02,VS 63A01... 63A06,SIEMENS
REWE,V02,VS 63A07,SIEMENS
REWE,V02,VS 63A08... 63A09 Super M,SIEMENS
REWE,V02,VS 63A10... 63A99,SIEMENS
REWE,V02,VS 69000... 69999 Super,SIEMENS
REWE,V02,VS 70000... 71999 Super,SIEMENS
REWE,V02,VS 70A00... 79A99 Super E,SIEMENS
REWE,V02,VS 70B00... 79B99 Super E,SIEMENS
REWE,V02,VS 70C00... 79C99 Super M,SIEMENS
REWE,V02,VS 70D00... 79D99 Super M,SIEMENS
REWE,V02,VS 90A00... 99A…,SIEMENS
REWE,V02,VS Z1… Serie Z1.0,SIEMENS
REWE,V02,VS Z2… Serie Z2.0,SIEMENS
REWE,V02,VS Z3… Serie Z3.0,SIEMENS
REWE,V02,VS Z3GP… Serie Z3.0,SIEMENS
REWE,V02,VS Z3XTRM… Serie Z3.0,SIEMENS
REWE,V02,VS Z4… Serie Z4.0,SIEMENS
REWE,V02,VS Z4G… Serie Z4.0,SIEMENS
REWE,V02,VS Z4GP… Serie Z4.0,SIEMENS
REWE,V02,VS Z4GPX… Serie Z4.0,SIEMENS
REWE,V02,VZ 41AFG,SIEMENS
REWE,V02,VZ 52 AFEFD,SIEMENS
REWE,V02,VZ 52 AFGXL,SIEMENS
REWE,V02,VZ 92 H 61,SIEMENS
REWE,V05,BS 15-100,SILVA
REWE,V05,BS 24-200,SILVA
REWE,V05,BS-20-250 + 251 P,SILVA
REWE,V05,TB 15,SILVA
REWE,V05,SBS 1400 A1,SILVERCREST
REWE,V05,STORM,SIMBIO
REWE,V05,12422 Red,SIMPEX
REWE,V05,12423 Black,SIMPEX
REWE,V05,17730 Eco Performance,SIMPEX
REWE,V05,2000 W,SIMPEX
REWE,V05,4710 Clean Power,SIMPEX
REWE,V05,4711 Clean Power,SIMPEX
REWE,V05,SVCB 216,SIMPEX
REWE,V05,VC2410,SIMPEX
REWE,V05,SVC-3438,SINBO
REWE,V05,SVC-3446,SINBO
REWE,V05,SVC-3449,SINBO
REWE,V03,Force 10,SINGER
REWE,V05,SVCB 4215,SINGER
REWE,V05,SVCB 4527,SINGER
REWE,V05,SVCB 4527 Eco,SINGER
REWE,V05,SVCB 5020,SINGER
REWE,V05,ST 1971,SITRONICS
REWE,V05,C112 M,SMC
REWE,V05,C114 E,SMC
REWE,V05,"870,871",SOLAC
REWE,V05,909,SOLAC
REWE,V05,917,SOLAC
REWE,V05,919,SOLAC
REWE,V05,100 ... 903,SOLAC
REWE,V05,898 ... 903,SOLAC
REWE,V05,A 302,SOLAC
REWE,V05,A 303,SOLAC
REWE,V05,A 401,SOLAC
REWE,V05,A 403,SOLAC
REWE,V05,A 407,SOLAC
REWE,V05,A 501,SOLAC
REWE,V05,A 802... 804 Serie,SOLAC
REWE,V05,AB 2700 Springtec,SOLAC
REWE,V05,AB 2701 New Springtec,SOLAC
REWE,V05,AB 2720 Springtec,SOLAC
REWE,V05,AB 2721 New Springtec,SOLAC
REWE,V05,AB 2750 Springtec,SOLAC
REWE,V05,AB 2751 New Springtec,SOLAC
REWE,V05,AB 2800 … 2899 Beagle,SOLAC
REWE,V05,AS 3350 Twining duo,SOLAC
REWE,V05,049185,SPITZENREITER
REWE,V04,"200 bis 203, 205, 206, 212 s-bag",SPITZENREITER
REWE,V04,E/GR,SPITZENREITER
REWE,V05,10101068,SUPERIOR
REWE,V05,BT-ZW 0008 (max. 4 l),SUPERIOR
REWE,V05,BT-ZW 0008 (max. 5 l),SUPERIOR
REWE,V05,CB-719,SUPERIOR
REWE,V05,CM-881,SUPERIOR
REWE,V05,CP-CY3601AES4,SUPERIOR
REWE,V05,CS 869J-120 (3010596… 99),SUPERIOR
REWE,V05,FD-2014,SUPERIOR
REWE,V05,STW-005-180,SUPERIOR
REWE,V05,VC 33J-08F (>B),SUPERIOR
REWE,V05,Dual System,SUPERIOR
REWE,V05,"Hyper Dragon (max 3,5L)",SUPERIOR
REWE,V05,Hyper Dragon (max 4L),SUPERIOR
REWE,V05,Power Dragon 1600,SUPERIOR
REWE,V05,SP-BSS-1600 PD,SUPERIOR
REWE,V05,SP-BSS-2000,SUPERIOR
REWE,V05,SP-BSS-2000-TD,SUPERIOR
REWE,V05,SP-VAC-04G-0223,SUPERIOR
REWE,V05,SP-VAC-04H-0289,SUPERIOR
REWE,V05,SP-VAC-05M-0606,SUPERIOR
REWE,V05,"SP-VAC-09A-0026 (max 3,5L)",SUPERIOR
REWE,V05,SP-VAC-09A-0026 (max 4L),SUPERIOR
REWE,V05,Turbo Dragon 2000,SUPERIOR
REWE,V05,VCS 1590,SUPRA
REWE,V05,VC 2500,TAR
REWE,V05,VC 3000,TAR
REWE,V05,Avensis 1600,TAURUS
REWE,V05,Avensis 1800,TAURUS
REWE,V05,Avensis 2000,TAURUS
REWE,V05,Discovery 1200,TAURUS
REWE,V05,Discovery 1400 E,TAURUS
REWE,V05,Discovery 1600 E,TAURUS
REWE,V05,Discovery Serie,TAURUS
REWE,V05,Explorer 1400,TAURUS
REWE,V05,Explorer 1600,TAURUS
REWE,V05,Golf 1500 E (start 2004),TAURUS
REWE,V05,Golf 1700 E (start 2004),TAURUS
REWE,V05,Golf 1800 (start 2004),TAURUS
REWE,V05,Voyager 2000,TAURUS
REWE,V05,TCM 03 222,TCHIBO
REWE,V05,TCM 05 609,TCHIBO
REWE,V05,TCM 259 397,TCHIBO
REWE,V05,TCM 259 398,TCHIBO
REWE,V05,TCM 266 066,TCHIBO
REWE,V05,TCM 266 067,TCHIBO
REWE,V05,TCM 272 253,TCHIBO
REWE,V05,TCM 272 254,TCHIBO
REWE,V05,TCM 280 898,TCHIBO
REWE,V05,TCM 280 899,TCHIBO
REWE,V05,TCM 304 024,TCHIBO
REWE,V05,TCM 304 025,TCHIBO
REWE,V05,TCM 59 290,TCHIBO
REWE,V05,TCM 66 390,TCHIBO
REWE,V05,TCM 68 578,TCHIBO
REWE,V05,TCM 69 534,TCHIBO
REWE,V05,ST 20 E,TEAM
REWE,V05,ST 23 E,TEAM
REWE,V02,ZW 0201,TEAM
REWE,V05,VC 2000 R,TECHNOSTAR
REWE,V05,VC 500 R,TECHNOSTAR
REWE,V05,VC ECOR,TECHNOSTAR
REWE,V05,AS 35,TEVION
REWE,V05,Blue Power,THOMAS
REWE,V03,Comfort,THOMAS
REWE,V05,Duo Power,THOMAS
REWE,V05,Easy Power,THOMAS
REWE,V03,Pico EL,THOMAS
REWE,V05,Turbo Power,THOMAS
REWE,V05,Blue Dancer,THOMAS
REWE,V05,BSA 1600 E,THOMAS
REWE,V05,BSB 1200,THOMAS
REWE,V05,BSC 1300,THOMAS
REWE,V05,BSC 1400,THOMAS
REWE,V05,JC 863,THOMAS
REWE,V05,BS 2000 W.1,THOMAS
REWE,V05,VCS 1800,THOMAS
REWE,V05,49708,TRENDLINE
REWE,V05,049708,TRENDLINE
REWE,V05,9055,TRISA
REWE,V05,9084,TRISA
REWE,V05,9404,TRISA
REWE,V05,9412,TRISA
REWE,V05,9432,TRISA
REWE,V05,9441,TRISA
REWE,V05,9446,TRISA
REWE,V05,9454,TRISA
REWE,V05,"9047, 9049",TRISA
REWE,V05,9050 Diamond,TRISA
REWE,V05,9053 Crystal,TRISA
REWE,V05,9056 Clean Air,TRISA
REWE,V05,"9057, 9059",TRISA
REWE,V05,9061 Flat Cruiser,TRISA
REWE,V05,"9062, 9063",TRISA
REWE,V05,"9075, 9076",TRISA
REWE,V05,"9401, 9402, 9403",TRISA
REWE,V05,9407 (max. 3l),TRISA
REWE,V05,9407 Maximo (max. 4l),TRISA
REWE,V05,"9410, 9411, 9413, 9418, 9419",TRISA
REWE,V05,"9426, 9428",TRISA
REWE,V05,"9430,9433, 9434",TRISA
REWE,V05,9437 bis 3439,TRISA
REWE,V05,Beetle,TRISA
REWE,V05,C 009 C,TRISA
REWE,V05,ECO,TRISA
REWE,V05,Spicy,TRISA
REWE,V05,JC 802 E,TRISTAR
REWE,V05,JC 831,TRISTAR
REWE,V05,JC 861 E,TRISTAR
REWE,V05,JC 862,TRISTAR
REWE,V05,JC 901,TRISTAR
REWE,V05,NK 101 A,TRISTAR
REWE,V05,NK 102 A,TRISTAR
REWE,V05,NK 191,TRISTAR
REWE,V05,NK 193 A,TRISTAR
REWE,V05,Power Boy 1300,TRISTAR
REWE,V05,SZ-1901,TRISTAR
REWE,V05,"SZ-1909, 1909 NO",TRISTAR
REWE,V05,SZ-1911,TRISTAR
REWE,V05,SZ-1912,TRISTAR
REWE,V05,SZ-1913,TRISTAR
REWE,V05,SZ-1914,TRISTAR
REWE,V05,SZ-1920,TRISTAR
REWE,V05,SZ-1930,TRISTAR
REWE,V05,SZ-1950,TRISTAR
REWE,V05,SZ-2158,TRISTAR
REWE,V05,SZ-2177,TRISTAR
REWE,V05,SZ-2178,TRISTAR
REWE,V05,VCH 4201,TRISTAR
REWE,V05,XX-190901,TRISTAR
REWE,V02,"AC 5500,5518",UFESA
REWE,V05,"AT 4201, 4202",UFESA
REWE,V02,"AT 4211, 4212",UFESA
REWE,V02,"AT 4217, 4218",UFESA
REWE,V05,AT7310 bis 7313,UFESA
REWE,VAX,VC 4116,UNITED
REWE,V05,420 Silence,UNITED
REWE,V05,430 Silence,UNITED
REWE,V05,C 90-42S-H-E,UNITED
REWE,V05,C 90-P1B-H-E,UNITED
REWE,V05,VG VC 2,VENGA
REWE,V05,VT-1805,VITEK
REWE,V05,VT-1813,VITEK
REWE,V03,CE 950 Ecotec,VOLTA
REWE,V03,CE Compact 2,VOLTA
REWE,V03,CE Power,VOLTA
REWE,V05,Dolphin Plus …,VOLTA
REWE,V03,Exquisit,VOLTA
REWE,V03,Parketto,VOLTA
REWE,V03,Red Zac EL,VOLTA
REWE,V03,U 1000... 1009 Micro,VOLTA
REWE,V03,U 1004 Rolfy,VOLTA
REWE,V03,U 1010... 1037 Rolfy,VOLTA
REWE,V05,U 2300 bis 2399 (start 2010),VOLTA
REWE,V05,"U 3201, 3202",VOLTA
REWE,V05,"U 3210, 3410",VOLTA
REWE,V05,"U 3420, 3440, 3450",VOLTA
REWE,V04,U 3600 bis 3699 Pluto,VOLTA
REWE,V05,U 3700 bis 3799,VOLTA
REWE,V05,U 3900 bis 3999,VOLTA
REWE,V03,"U 400, 401, 404, 405",VOLTA
REWE,V03,U 4111,VOLTA
REWE,V03,"U 412, 414, 416",VOLTA
REWE,V05,"U 4210, 4220",VOLTA
REWE,V03,"U 4401, 4402, 4405, 4406, 4408",VOLTA
REWE,V04,U 4410 bis 4499 Quickstop,VOLTA
REWE,V04,U 4500 bis 4599 Bolido,VOLTA
REWE,V04,U 4600 bis 4699 Control,VOLTA
REWE,V05,"U 5002, 5003",VOLTA
REWE,V03,"U 5005, 5507 Ultima",VOLTA
REWE,V03,"U 5006, 5008 Mega",VOLTA
REWE,V04,U 5400 bis 5499 Essensio,VOLTA
REWE,V04,U 6200 bis 6299 Modelys,VOLTA
REWE,V04,U 6400 bis 6499 AirMax,VOLTA
REWE,V04,U 6800 bis 6899 JetMaxx,VOLTA
REWE,V04,U 68FD 1 bis 9 JetMaxx,VOLTA
REWE,V04,U 7500 bis 7599 Maximus,VOLTA
REWE,V04,UC 6100 bis 6199 AirMax,VOLTA
REWE,V04,UC 6410 bis 6430 AirMax,VOLTA
REWE,V05,VC-N02BV,VOLTA
REWE,V05,VC-N02CV,VOLTA
REWE,V05,VC 100689,WAVES
REWE,V05,VC 101965,WAVES
REWE,V05,VC 15001,WAVES
REWE,V05,VC-102573,WAVES
REWE,V05,VC-103137.1,WAVES
REWE,V05,VC-103919.1,WAVES
REWE,V05,VC-160007,WAVES
REWE,V05,WVC-101,WELLTON
REWE,V05,1200... 1999,WELTSTAR
REWE,V05,1420L,WELTSTAR
REWE,V05,1421,WELTSTAR
REWE,V05,1490L...1491,WELTSTAR
REWE,V05,1510,WELTSTAR
REWE,V05,2014 L… 2015,WELTSTAR
REWE,V04,5030,WERTHEIM
REWE,V04,5035,WERTHEIM
REWE,V05,BS 1500 MBO,ZAFIR
REWE,V04,S-Bag,ZANUSSI
REWE,V04,Standard-Bag,ZANUSSI
REWE,V05,ZAN 2200… 2299 Serie,ZANUSSI
REWE,V05,ZAN 2300… 2399 Serie,ZANUSSI
REWE,V05,ZAN 2400… 2499 Serie,ZANUSSI
REWE,V05,ZAN 3002 CompactPower,ZANUSSI
REWE,V05,ZAN 3010,ZANUSSI
REWE,V05,ZAN 3015T,ZANUSSI
REWE,V05,ZAN 3020,ZANUSSI
REWE,V05,ZAN 3020R,ZANUSSI
REWE,V05,ZAN 3400… 3499 Serie,ZANUSSI
REWE,V04,ZAN 3600… 3630 Serie,ZANUSSI
REWE,V05,ZAN 3700… 3799 Serie,ZANUSSI
REWE,V05,ZAN 3900… 3999 Serie,ZANUSSI
REWE,V04,ZAN 4610… 4640 Serie,ZANUSSI
REWE,V04,ZAN 7700… 7799 Serie,ZANUSSI
